<?xml version="1.0"?>
<!--<!DOCTYPE metadata SYSTEM "http://www.esri.com/metadata/esriprof80.dtd">-->
<metadata xml:lang="el"><Esri><CreaDate>20161010</CreaDate><CreaTime>11180000</CreaTime><SyncOnce>TRUE</SyncOnce><DataProperties><lineage><Process ToolSource="C:\Program Files (x86)\ArcGIS\ArcToolbox\Toolboxes\Data Management Tools.tbx\Integrate" Date="20151211" Time="160628">Integrate "ΚΑΛΛΙΚΡΑΤΙΚΟΙ_ΔΗΜΟΙ #" # ΚΑΛΛΙΚΡΑΤΙΚΟΙ_ΔΗΜΟΙ</Process></lineage><itemProps><itemLocation><linkage Sync="TRUE">file://\\FS01\XCOMMON\periklis\ΚΑΛΛΙΚΡΑΤΙΚΟΙ_ΔΗΜΟΙ</linkage><protocol Sync="TRUE">Local Area Network</protocol></itemLocation></itemProps><copyHistory><copy source="J:\ΚΑΛΛΙΚΡΑΤΗΣ - ΚΑΠΟΔΙΣΤΡΙΑΣ\ΚΑΛΛΙΚΡΑΤΗΣ\ΚΑΛΛΙΚΡΑΤΙΚΟΙ_ΔΗΜΟΙ" dest="\\FS01\XCOMMON\periklis\ΚΑΛΛΙΚΡΑΤΙΚΟΙ_ΔΗΜΟΙ" date="20161010" time="11180000"></copy></copyHistory></DataProperties></Esri></metadata>
