,arrivals
0,0.0
1,0.0
2,0.0
3,0.0
4,0.0
5,0.0
6,0.0
7,0.0
8,0.0
9,0.0
10,0.0
11,0.0
12,0.0
13,0.0
14,0.0
15,0.0
16,0.0
17,0.0
18,0.0
19,0.0
20,0.0
21,0.0
22,0.0
23,0.0
24,0.0
25,0.0
26,0.0
27,0.0
28,0.0
29,0.0
30,0.0
31,0.0
32,0.0
33,0.0
34,0.0
35,0.0
36,0.0
37,0.0
38,0.0
39,0.0
40,0.0
41,0.0
42,0.0
43,0.0
44,0.0
45,0.0
46,0.0
47,0.0
48,0.0
49,0.0
50,0.0
51,0.0
52,0.0
53,0.0
54,0.0
55,0.0
56,0.0
57,0.0
58,0.0
59,0.0
60,0.0
61,0.0
62,0.0
63,0.0
64,0.0
65,0.0
66,0.0
67,0.0
68,0.0
69,0.0
70,0.0
71,0.0
72,0.0
73,0.0
74,0.0
75,0.0
76,0.0
77,0.0
78,0.0
79,0.0
80,0.0
81,0.0
82,0.0
83,0.0
84,0.0
85,0.0
86,0.0
87,0.0
88,0.0
89,0.0
90,0.0
91,0.0
92,2.0
93,5.0
94,4.0
95,4.0
96,4.0
97,5.0
98,8.0
99,4.0
100,3.0
101,2.0
102,1.0
103,0.0
104,0.0
105,0.0
106,0.0
107,0.0
108,0.0
109,0.0
110,0.0
111,0.0
112,0.0
113,0.0
114,1.0
115,2.0
116,1.0
117,2.0
118,3.0
119,1.0
120,1.0
121,3.0
122,6.0
123,5.0
124,3.0
125,4.0
126,2.0
127,0.0
128,0.0
129,0.0
130,0.0
131,0.0
132,0.0
133,0.0
134,0.0
135,0.0
136,0.0
137,0.0
138,2.0
139,1.0
140,1.0
141,1.0
142,1.0
143,1.0
144,1.0
145,2.0
146,7.0
147,6.0
148,4.0
149,4.0
150,3.0
151,1.0
152,0.0
153,0.0
154,0.0
155,0.0
156,0.0
157,0.0
158,0.0
159,0.0
160,0.0
161,0.0
162,0.0
163,2.0
164,2.0
165,2.0
166,0.0
167,2.0
168,2.0
169,3.0
170,5.0
171,7.0
172,9.0
173,2.0
174,1.0
175,0.0
176,0.0
177,0.0
178,0.0
179,0.0
180,0.0
181,0.0
182,0.0
183,0.0
184,0.0
185,0.0
186,2.0
187,3.0
188,1.0
189,1.0
190,1.0
191,0.0
192,2.0
193,3.0
194,8.0
195,5.0
196,4.0
197,3.0
198,5.0
199,0.0
200,0.0
201,0.0
202,0.0
203,0.0
204,0.0
205,0.0
206,0.0
207,0.0
208,0.0
209,0.0
210,2.0
211,4.0
212,1.0
213,2.0
214,1.0
215,3.0
216,3.0
217,4.0
218,5.0
219,6.0
220,5.0
221,2.0
222,2.0
223,1.0
224,0.0
225,0.0
226,0.0
227,0.0
228,0.0
229,0.0
230,0.0
231,0.0
232,0.0
233,0.0
234,0.0
235,2.0
236,4.0
237,2.0
238,5.0
239,3.0
240,3.0
241,4.0
242,2.0
243,4.0
244,3.0
245,1.0
246,2.0
247,0.0
248,0.0
249,0.0
250,0.0
251,0.0
252,0.0
253,0.0
254,0.0
255,0.0
256,0.0
257,0.0
258,0.0
259,0.0
260,1.0
261,5.0
262,4.0
263,4.0
264,5.0
265,6.0
266,8.0
267,5.0
268,3.0
269,2.0
270,1.0
271,0.0
272,0.0
273,0.0
274,0.0
275,0.0
276,0.0
277,0.0
278,0.0
279,0.0
280,0.0
281,0.0
282,1.0
283,2.0
284,0.0
285,2.0
286,2.0
287,1.0
288,1.0
289,3.0
290,7.0
291,5.0
292,3.0
293,2.0
294,2.0
295,0.0
296,0.0
297,0.0
298,0.0
299,0.0
300,0.0
301,0.0
302,0.0
303,0.0
304,0.0
305,0.0
306,2.0
307,1.0
308,1.0
309,1.0
310,1.0
311,1.0
312,1.0
313,3.0
314,7.0
315,6.0
316,3.0
317,4.0
318,3.0
319,3.0
320,0.0
321,0.0
322,0.0
323,0.0
324,0.0
325,0.0
326,0.0
327,0.0
328,0.0
329,0.0
330,0.0
331,2.0
332,2.0
333,2.0
334,0.0
335,2.0
336,2.0
337,3.0
338,4.0
339,8.0
340,9.0
341,2.0
342,1.0
343,0.0
344,0.0
345,0.0
346,0.0
347,0.0
348,0.0
349,0.0
350,0.0
351,0.0
352,0.0
353,0.0
354,2.0
355,3.0
356,1.0
357,1.0
358,1.0
359,0.0
360,2.0
361,3.0
362,7.0
363,4.0
364,4.0
365,3.0
366,5.0
367,0.0
368,0.0
369,0.0
370,0.0
371,0.0
372,0.0
373,0.0
374,0.0
375,0.0
376,0.0
377,0.0
378,2.0
379,4.0
380,1.0
381,2.0
382,1.0
383,3.0
384,3.0
385,5.0
386,5.0
387,6.0
388,4.0
389,2.0
390,2.0
391,1.0
392,0.0
393,0.0
394,0.0
395,0.0
396,0.0
397,0.0
398,0.0
399,0.0
400,0.0
401,0.0
402,0.0
403,1.0
404,5.0
405,2.0
406,5.0
407,3.0
408,3.0
409,4.0
410,3.0
411,4.0
412,3.0
413,1.0
414,2.0
415,0.0
416,0.0
417,0.0
418,0.0
419,0.0
420,0.0
421,0.0
422,0.0
423,0.0
424,0.0
425,0.0
426,0.0
427,0.0
428,1.0
429,5.0
430,4.0
431,3.0
432,4.0
433,5.0
434,7.0
435,3.0
436,3.0
437,2.0
438,0.0
439,0.0
440,0.0
441,0.0
442,0.0
443,0.0
444,0.0
445,0.0
446,0.0
447,0.0
448,0.0
449,0.0
450,1.0
451,2.0
452,0.0
453,1.0
454,2.0
455,1.0
456,1.0
457,3.0
458,6.0
459,5.0
460,3.0
461,2.0
462,2.0
463,0.0
464,0.0
465,0.0
466,0.0
467,0.0
468,0.0
469,0.0
470,0.0
471,0.0
472,0.0
473,0.0
474,2.0
475,1.0
476,1.0
477,1.0
478,3.0
479,0.0
480,1.0
481,2.0
482,7.0
483,6.0
484,3.0
485,4.0
486,3.0
487,1.0
488,0.0
489,0.0
490,0.0
491,0.0
492,0.0
493,0.0
494,0.0
495,0.0
496,0.0
497,0.0
498,0.0
499,2.0
500,2.0
501,2.0
502,0.0
503,2.0
504,2.0
505,3.0
506,4.0
507,7.0
508,9.0
509,2.0
510,1.0
511,1.0
512,0.0
513,0.0
514,0.0
515,0.0
516,0.0
517,0.0
518,0.0
519,0.0
520,0.0
521,0.0
522,2.0
523,2.0
524,1.0
525,1.0
526,1.0
527,0.0
528,2.0
529,2.0
530,7.0
531,4.0
532,4.0
533,3.0
534,5.0
535,1.0
536,0.0
537,0.0
538,0.0
539,0.0
540,0.0
541,0.0
542,0.0
543,0.0
544,0.0
545,0.0
546,1.0
547,4.0
548,1.0
549,3.0
550,1.0
551,2.0
552,3.0
553,4.0
554,6.0
555,7.0
556,4.0
557,1.0
558,2.0
559,1.0
560,0.0
561,0.0
562,0.0
563,0.0
564,0.0
565,0.0
566,0.0
567,0.0
568,0.0
569,0.0
570,0.0
571,2.0
572,4.0
573,2.0
574,5.0
575,4.0
576,2.0
577,4.0
578,3.0
579,4.0
580,3.0
581,2.0
582,2.0
583,0.0
584,0.0
585,0.0
586,0.0
587,0.0
588,0.0
589,0.0
590,0.0
591,0.0
592,0.0
593,0.0
594,0.0
595,0.0
596,1.0
597,5.0
598,4.0
599,3.0
600,4.0
601,6.0
602,8.0
603,4.0
604,3.0
605,2.0
606,0.0
607,0.0
608,0.0
609,0.0
610,0.0
611,0.0
612,0.0
613,0.0
614,0.0
615,0.0
616,0.0
617,0.0
618,0.0
619,3.0
620,0.0
621,1.0
622,2.0
623,1.0
624,3.0
625,3.0
626,7.0
627,5.0
628,4.0
629,3.0
630,2.0
631,0.0
632,0.0
633,0.0
634,0.0
635,0.0
636,0.0
637,0.0
638,0.0
639,0.0
640,0.0
641,0.0
642,1.0
643,1.0
644,1.0
645,1.0
646,1.0
647,1.0
648,1.0
649,1.0
650,7.0
651,6.0
652,4.0
653,4.0
654,3.0
655,1.0
656,0.0
657,0.0
658,0.0
659,0.0
660,0.0
661,0.0
662,0.0
663,0.0
664,0.0
665,0.0
666,2.0
667,2.0
668,2.0
669,1.0
670,0.0
671,2.0
672,3.0
673,4.0
674,6.0
675,6.0
676,9.0
677,2.0
678,1.0
679,1.0
680,0.0
681,0.0
682,0.0
683,0.0
684,0.0
685,0.0
686,0.0
687,0.0
688,0.0
689,0.0
690,3.0
691,2.0
692,1.0
693,1.0
694,1.0
695,0.0
696,2.0
697,3.0
698,7.0
699,5.0
700,4.0
701,3.0
702,5.0
703,1.0
704,0.0
705,0.0
706,0.0
707,0.0
708,0.0
709,0.0
710,0.0
711,0.0
712,0.0
713,0.0
714,1.0
715,4.0
716,1.0
717,2.0
718,1.0
719,2.0
720,3.0
721,3.0
722,6.0
723,5.0
724,4.0
725,2.0
726,3.0
727,1.0
728,0.0
729,0.0
730,0.0
731,0.0
732,0.0
733,0.0
734,0.0
735,0.0
736,0.0
737,0.0
738,0.0
739,1.0
740,4.0
741,1.0
742,4.0
743,3.0
744,2.0
745,4.0
746,2.0
747,5.0
748,3.0
749,2.0
750,1.0
751,0.0
752,0.0
753,0.0
754,0.0
755,0.0
756,0.0
757,0.0
758,0.0
759,0.0
760,0.0
761,0.0
762,0.0
763,0.0
764,1.0
765,5.0
766,4.0
767,4.0
768,4.0
769,5.0
770,7.0
771,4.0
772,3.0
773,2.0
774,1.0
775,0.0
776,0.0
777,0.0
778,0.0
779,0.0
780,0.0
781,0.0
782,0.0
783,0.0
784,0.0
785,0.0
786,1.0
787,2.0
788,0.0
789,2.0
790,3.0
791,1.0
792,1.0
793,3.0
794,6.0
795,5.0
796,3.0
797,3.0
798,1.0
799,1.0
800,0.0
801,0.0
802,0.0
803,0.0
804,0.0
805,0.0
806,0.0
807,0.0
808,0.0
809,0.0
810,2.0
811,1.0
812,1.0
813,1.0
814,1.0
815,1.0
816,2.0
817,2.0
818,6.0
819,6.0
820,3.0
821,4.0
822,3.0
823,2.0
824,0.0
825,0.0
826,0.0
827,0.0
828,0.0
829,0.0
830,0.0
831,0.0
832,0.0
833,0.0
834,0.0
835,2.0
836,2.0
837,2.0
838,0.0
839,2.0
840,3.0
841,3.0
842,4.0
843,6.0
844,9.0
845,2.0
846,1.0
847,2.0
848,0.0
849,0.0
850,0.0
851,0.0
852,0.0
853,0.0
854,0.0
855,0.0
856,0.0
857,0.0
858,2.0
859,3.0
860,1.0
861,2.0
862,1.0
863,0.0
864,2.0
865,3.0
866,7.0
867,4.0
868,5.0
869,5.0
870,6.0
871,0.0
872,0.0
873,0.0
874,0.0
875,0.0
876,0.0
877,0.0
878,0.0
879,0.0
880,0.0
881,0.0
882,2.0
883,4.0
884,1.0
885,2.0
886,1.0
887,3.0
888,3.0
889,4.0
890,5.0
891,5.0
892,4.0
893,1.0
894,2.0
895,1.0
896,0.0
897,0.0
898,0.0
899,0.0
900,0.0
901,0.0
902,0.0
903,0.0
904,0.0
905,0.0
906,0.0
907,2.0
908,4.0
909,2.0
910,5.0
911,3.0
912,3.0
913,4.0
914,2.0
915,3.0
916,3.0
917,1.0
918,1.0
919,0.0
920,0.0
921,0.0
922,0.0
923,0.0
924,0.0
925,0.0
926,0.0
927,0.0
928,0.0
929,0.0
930,0.0
931,0.0
932,1.0
933,5.0
934,4.0
935,4.0
936,5.0
937,6.0
938,7.0
939,4.0
940,3.0
941,1.0
942,0.0
943,0.0
944,0.0
945,0.0
946,0.0
947,0.0
948,0.0
949,0.0
950,0.0
951,0.0
952,0.0
953,0.0
954,1.0
955,3.0
956,0.0
957,1.0
958,2.0
959,1.0
960,1.0
961,3.0
962,6.0
963,5.0
964,3.0
965,3.0
966,2.0
967,0.0
968,0.0
969,0.0
970,0.0
971,0.0
972,0.0
973,0.0
974,0.0
975,0.0
976,0.0
977,0.0
978,2.0
979,1.0
980,1.0
981,1.0
982,1.0
983,1.0
984,2.0
985,2.0
986,6.0
987,6.0
988,3.0
989,3.0
990,4.0
991,1.0
992,0.0
993,0.0
994,0.0
995,0.0
996,0.0
997,0.0
998,0.0
999,0.0
1000,0.0
1001,0.0
1002,0.0
1003,2.0
1004,2.0
1005,2.0
1006,0.0
1007,2.0
1008,3.0
1009,3.0
1010,4.0
1011,6.0
1012,9.0
1013,3.0
1014,1.0
1015,1.0
1016,0.0
1017,0.0
1018,0.0
1019,0.0
1020,0.0
1021,0.0
1022,0.0
1023,0.0
1024,0.0
1025,0.0
1026,2.0
1027,3.0
1028,1.0
1029,1.0
1030,1.0
1031,0.0
1032,2.0
1033,2.0
1034,7.0
1035,4.0
1036,4.0
1037,3.0
1038,5.0
1039,0.0
1040,0.0
1041,0.0
1042,0.0
1043,0.0
1044,0.0
1045,0.0
1046,0.0
1047,0.0
1048,0.0
1049,0.0
1050,2.0
1051,4.0
1052,1.0
1053,2.0
1054,1.0
1055,3.0
1056,3.0
1057,4.0
1058,5.0
1059,6.0
1060,4.0
1061,3.0
1062,2.0
1063,1.0
1064,0.0
1065,0.0
1066,0.0
1067,0.0
1068,0.0
1069,0.0
1070,0.0
1071,0.0
1072,0.0
1073,0.0
1074,0.0
1075,1.0
1076,4.0
1077,1.0
1078,5.0
1079,3.0
1080,4.0
1081,4.0
1082,2.0
1083,3.0
1084,4.0
1085,2.0
1086,1.0
1087,0.0
1088,0.0
1089,0.0
1090,0.0
1091,0.0
1092,0.0
1093,0.0
1094,0.0
1095,0.0
1096,0.0
1097,0.0
1098,0.0
1099,0.0
1100,2.0
1101,5.0
1102,3.0
1103,5.0
1104,5.0
1105,6.0
1106,6.0
1107,4.0
1108,4.0
1109,2.0
1110,1.0
1111,0.0
1112,0.0
1113,0.0
1114,0.0
1115,0.0
1116,0.0
1117,0.0
1118,0.0
1119,0.0
1120,0.0
1121,0.0
1122,2.0
1123,3.0
1124,0.0
1125,1.0
1126,3.0
1127,1.0
1128,1.0
1129,3.0
1130,6.0
1131,5.0
1132,4.0
1133,2.0
1134,2.0
1135,0.0
1136,0.0
1137,0.0
1138,0.0
1139,0.0
1140,0.0
1141,0.0
1142,0.0
1143,0.0
1144,0.0
1145,0.0
1146,2.0
1147,1.0
1148,1.0
1149,1.0
1150,2.0
1151,0.0
1152,1.0
1153,3.0
1154,6.0
1155,7.0
1156,5.0
1157,4.0
1158,3.0
1159,1.0
1160,0.0
1161,0.0
1162,0.0
1163,0.0
1164,0.0
1165,0.0
1166,0.0
1167,0.0
1168,0.0
1169,0.0
1170,0.0
1171,2.0
1172,1.0
1173,1.0
1174,0.0
1175,1.0
1176,3.0
1177,3.0
1178,5.0
1179,8.0
1180,8.0
1181,2.0
1182,0.0
1183,1.0
1184,0.0
1185,0.0
1186,0.0
1187,0.0
1188,0.0
1189,0.0
1190,0.0
1191,0.0
1192,0.0
1193,0.0
1194,2.0
1195,3.0
1196,1.0
1197,2.0
1198,3.0
1199,0.0
1200,3.0
1201,4.0
1202,6.0
1203,6.0
1204,4.0
1205,5.0
1206,5.0
1207,1.0
1208,0.0
1209,0.0
1210,0.0
1211,0.0
1212,0.0
1213,0.0
1214,0.0
1215,0.0
1216,0.0
1217,0.0
1218,1.0
1219,4.0
1220,1.0
1221,2.0
1222,1.0
1223,3.0
1224,4.0
1225,4.0
1226,6.0
1227,7.0
1228,4.0
1229,2.0
1230,2.0
1231,1.0
1232,0.0
1233,0.0
1234,0.0
1235,0.0
1236,0.0
1237,0.0
1238,0.0
1239,0.0
1240,0.0
1241,0.0
1242,0.0
1243,2.0
1244,3.0
1245,1.0
1246,4.0
1247,3.0
1248,4.0
1249,5.0
1250,1.0
1251,4.0
1252,4.0
1253,1.0
1254,2.0
1255,0.0
1256,0.0
1257,0.0
1258,0.0
1259,0.0
1260,0.0
1261,0.0
1262,0.0
1263,0.0
1264,0.0
1265,0.0
1266,0.0
1267,0.0
1268,1.0
1269,4.0
1270,4.0
1271,4.0
1272,5.0
1273,6.0
1274,7.0
1275,4.0
1276,4.0
1277,3.0
1278,0.0
1279,1.0
1280,0.0
1281,0.0
1282,0.0
1283,0.0
1284,0.0
1285,0.0
1286,0.0
1287,0.0
1288,0.0
1289,0.0
1290,1.0
1291,3.0
1292,0.0
1293,2.0
1294,3.0
1295,1.0
1296,0.0
1297,3.0
1298,7.0
1299,7.0
1300,4.0
1301,2.0
1302,2.0
1303,0.0
1304,0.0
1305,0.0
1306,0.0
1307,0.0
1308,0.0
1309,0.0
1310,0.0
1311,0.0
1312,0.0
1313,0.0
1314,3.0
1315,2.0
1316,2.0
1317,0.0
1318,2.0
1319,4.0
1320,0.0
1321,2.0
1322,7.0
1323,5.0
1324,4.0
1325,3.0
1326,3.0
1327,1.0
1328,0.0
1329,0.0
1330,0.0
1331,0.0
1332,0.0
1333,0.0
1334,0.0
1335,0.0
1336,0.0
1337,0.0
1338,0.0
1339,1.0
1340,1.0
1341,3.0
1342,0.0
1343,1.0
1344,2.0
1345,4.0
1346,4.0
1347,7.0
1348,9.0
1349,3.0
1350,1.0
1351,1.0
1352,0.0
1353,0.0
1354,0.0
1355,0.0
1356,0.0
1357,0.0
1358,0.0
1359,0.0
1360,0.0
1361,0.0
1362,3.0
1363,2.0
1364,2.0
1365,2.0
1366,2.0
1367,0.0
1368,4.0
1369,2.0
1370,7.0
1371,5.0
1372,5.0
1373,4.0
1374,7.0
1375,1.0
1376,0.0
1377,0.0
1378,0.0
1379,0.0
1380,0.0
1381,0.0
1382,0.0
1383,0.0
1384,0.0
1385,0.0
1386,2.0
1387,4.0
1388,1.0
1389,2.0
1390,0.0
1391,3.0
1392,3.0
1393,4.0
1394,7.0
1395,5.0
1396,4.0
1397,2.0
1398,2.0
1399,1.0
1400,0.0
1401,0.0
1402,0.0
1403,0.0
1404,0.0
1405,0.0
1406,0.0
1407,0.0
1408,0.0
1409,0.0
1410,0.0
1411,2.0
1412,4.0
1413,2.0
1414,5.0
1415,3.0
1416,3.0
1417,4.0
1418,2.0
1419,4.0
1420,4.0
1421,2.0
1422,4.0
1423,0.0
1424,0.0
1425,0.0
1426,0.0
1427,0.0
1428,0.0
1429,0.0
1430,0.0
1431,0.0
1432,0.0
1433,0.0
1434,0.0
1435,0.0
1436,1.0
1437,5.0
1438,4.0
1439,4.0
1440,5.0
1441,5.0
1442,7.0
1443,4.0
1444,3.0
1445,1.0
1446,0.0
1447,3.0
1448,0.0
1449,0.0
1450,0.0
1451,0.0
1452,0.0
1453,0.0
1454,0.0
1455,0.0
1456,0.0
1457,0.0
1458,1.0
1459,2.0
1460,0.0
1461,1.0
1462,2.0
1463,1.0
1464,2.0
1465,3.0
1466,7.0
1467,5.0
1468,4.0
1469,2.0
1470,3.0
1471,0.0
1472,0.0
1473,0.0
1474,0.0
1475,0.0
1476,0.0
1477,0.0
1478,0.0
1479,0.0
1480,0.0
1481,0.0
1482,2.0
1483,1.0
1484,1.0
1485,1.0
1486,1.0
1487,0.0
1488,2.0
1489,2.0
1490,7.0
1491,6.0
1492,4.0
1493,4.0
1494,3.0
1495,3.0
1496,0.0
1497,0.0
1498,0.0
1499,0.0
1500,0.0
1501,0.0
1502,0.0
1503,0.0
1504,0.0
1505,0.0
1506,0.0
1507,2.0
1508,2.0
1509,2.0
1510,1.0
1511,2.0
1512,4.0
1513,3.0
1514,5.0
1515,7.0
1516,8.0
1517,3.0
1518,2.0
1519,0.0
1520,0.0
1521,0.0
1522,0.0
1523,0.0
1524,0.0
1525,0.0
1526,0.0
1527,0.0
1528,0.0
1529,0.0
1530,2.0
1531,2.0
1532,1.0
1533,1.0
1534,1.0
1535,0.0
1536,3.0
1537,3.0
1538,7.0
1539,4.0
1540,5.0
1541,6.0
1542,4.0
1543,0.0
1544,0.0
1545,0.0
1546,0.0
1547,0.0
1548,0.0
1549,0.0
1550,0.0
1551,0.0
1552,0.0
1553,0.0
1554,1.0
1555,4.0
1556,1.0
1557,2.0
1558,1.0
1559,2.0
1560,3.0
1561,4.0
1562,6.0
1563,6.0
1564,5.0
1565,2.0
1566,2.0
1567,1.0
1568,0.0
1569,0.0
1570,0.0
1571,0.0
1572,0.0
1573,0.0
1574,0.0
1575,0.0
1576,0.0
1577,0.0
1578,0.0
1579,2.0
1580,4.0
1581,1.0
1582,5.0
1583,3.0
1584,4.0
1585,4.0
1586,3.0
1587,4.0
1588,3.0
1589,1.0
1590,1.0
1591,0.0
1592,0.0
1593,0.0
1594,0.0
1595,0.0
1596,0.0
1597,0.0
1598,0.0
1599,0.0
1600,0.0
1601,0.0
1602,0.0
1603,0.0
1604,1.0
1605,5.0
1606,4.0
1607,4.0
1608,6.0
1609,6.0
1610,8.0
1611,5.0
1612,3.0
1613,2.0
1614,0.0
1615,0.0
1616,0.0
1617,0.0
1618,0.0
1619,0.0
1620,0.0
1621,0.0
1622,0.0
1623,0.0
1624,0.0
1625,0.0
1626,1.0
1627,2.0
1628,0.0
1629,1.0
1630,2.0
1631,1.0
1632,2.0
1633,3.0
1634,7.0
1635,5.0
1636,5.0
1637,2.0
1638,2.0
1639,0.0
1640,0.0
1641,0.0
1642,0.0
1643,0.0
1644,0.0
1645,0.0
1646,0.0
1647,0.0
1648,0.0
1649,0.0
1650,2.0
1651,1.0
1652,1.0
1653,1.0
1654,1.0
1655,0.0
1656,3.0
1657,2.0
1658,6.0
1659,6.0
1660,3.0
1661,3.0
1662,3.0
1663,1.0
1664,0.0
1665,0.0
1666,0.0
1667,0.0
1668,0.0
1669,0.0
1670,0.0
1671,0.0
1672,0.0
1673,0.0
1674,0.0
1675,2.0
1676,2.0
1677,2.0
1678,0.0
1679,2.0
1680,2.0
1681,3.0
1682,4.0
1683,7.0
1684,9.0
1685,2.0
1686,1.0
1687,0.0
1688,0.0
1689,0.0
1690,0.0
1691,0.0
1692,0.0
1693,0.0
1694,0.0
1695,0.0
1696,0.0
1697,0.0
1698,2.0
1699,2.0
1700,1.0
1701,1.0
1702,2.0
1703,0.0
1704,2.0
1705,3.0
1706,6.0
1707,5.0
1708,5.0
1709,4.0
1710,7.0
1711,2.0
1712,1.0
1713,0.0
1714,0.0
1715,0.0
1716,0.0
1717,0.0
1718,0.0
1719,0.0
1720,0.0
1721,0.0
1722,1.0
1723,4.0
1724,1.0
1725,2.0
1726,1.0
1727,3.0
1728,3.0
1729,5.0
1730,6.0
1731,6.0
1732,5.0
1733,1.0
1734,1.0
1735,1.0
1736,0.0
1737,2.0
1738,0.0
1739,0.0
1740,0.0
1741,0.0
1742,0.0
1743,0.0
1744,0.0
1745,0.0
1746,0.0
1747,2.0
1748,4.0
1749,1.0
1750,4.0
1751,3.0
1752,4.0
1753,4.0
1754,2.0
1755,3.0
1756,3.0
1757,1.0
1758,2.0
1759,0.0
1760,0.0
1761,0.0
1762,0.0
1763,0.0
1764,0.0
1765,0.0
1766,0.0
1767,0.0
1768,0.0
1769,0.0
1770,0.0
1771,0.0
1772,2.0
1773,5.0
1774,4.0
1775,5.0
1776,4.0
1777,5.0
1778,7.0
1779,4.0
1780,3.0
1781,2.0
1782,1.0
1783,0.0
1784,0.0
1785,0.0
1786,0.0
1787,0.0
1788,0.0
1789,0.0
1790,0.0
1791,0.0
1792,0.0
1793,0.0
1794,1.0
1795,2.0
1796,0.0
1797,1.0
1798,2.0
1799,2.0
1800,2.0
1801,2.0
1802,6.0
1803,5.0
1804,4.0
1805,2.0
1806,2.0
1807,0.0
1808,0.0
1809,0.0
1810,0.0
1811,0.0
1812,0.0
1813,0.0
1814,0.0
1815,0.0
1816,0.0
1817,0.0
1818,1.0
1819,1.0
1820,1.0
1821,0.0
1822,0.0
1823,2.0
1824,1.0
1825,2.0
1826,7.0
1827,6.0
1828,3.0
1829,4.0
1830,3.0
1831,1.0
1832,0.0
1833,0.0
1834,0.0
1835,0.0
1836,0.0
1837,0.0
1838,0.0
1839,0.0
1840,0.0
1841,0.0
1842,0.0
1843,2.0
1844,2.0
1845,2.0
1846,0.0
1847,1.0
1848,3.0
1849,3.0
1850,5.0
1851,6.0
1852,9.0
1853,2.0
1854,1.0
1855,1.0
1856,0.0
1857,0.0
1858,0.0
1859,0.0
1860,0.0
1861,0.0
1862,0.0
1863,0.0
1864,0.0
1865,0.0
1866,2.0
1867,2.0
1868,1.0
1869,2.0
1870,1.0
1871,0.0
1872,2.0
1873,2.0
1874,8.0
1875,4.0
1876,5.0
1877,4.0
1878,5.0
1879,1.0
1880,0.0
1881,0.0
1882,0.0
1883,0.0
1884,0.0
1885,0.0
1886,0.0
1887,0.0
1888,0.0
1889,0.0
1890,1.0
1891,4.0
1892,1.0
1893,2.0
1894,0.0
1895,3.0
1896,5.0
1897,4.0
1898,9.0
1899,6.0
1900,4.0
1901,2.0
1902,2.0
1903,1.0
1904,0.0
1905,0.0
1906,0.0
1907,0.0
1908,0.0
1909,0.0
1910,0.0
1911,0.0
1912,0.0
1913,0.0
1914,0.0
1915,1.0
1916,4.0
1917,2.0
1918,5.0
1919,3.0
1920,2.0
1921,4.0
1922,3.0
1923,4.0
1924,4.0
1925,2.0
1926,2.0
1927,0.0
1928,0.0
1929,0.0
1930,0.0
1931,0.0
1932,0.0
1933,0.0
1934,0.0
1935,0.0
1936,0.0
1937,0.0
1938,0.0
1939,0.0
1940,1.0
1941,5.0
1942,5.0
1943,5.0
1944,4.0
1945,5.0
1946,7.0
1947,5.0
1948,4.0
1949,2.0
1950,1.0
1951,0.0
1952,0.0
1953,0.0
1954,0.0
1955,0.0
1956,0.0
1957,0.0
1958,0.0
1959,0.0
1960,0.0
1961,0.0
1962,0.0
1963,4.0
1964,0.0
1965,1.0
1966,1.0
1967,1.0
1968,1.0
1969,3.0
1970,6.0
1971,5.0
1972,4.0
1973,2.0
1974,2.0
1975,0.0
1976,0.0
1977,0.0
1978,0.0
1979,0.0
1980,0.0
1981,0.0
1982,0.0
1983,0.0
1984,0.0
1985,0.0
1986,1.0
1987,1.0
1988,2.0
1989,0.0
1990,0.0
1991,0.0
1992,1.0
1993,2.0
1994,6.0
1995,6.0
1996,4.0
1997,4.0
1998,3.0
1999,1.0
2000,0.0
2001,0.0
2002,0.0
2003,0.0
2004,0.0
2005,0.0
2006,0.0
2007,0.0
2008,0.0
2009,0.0
2010,0.0
2011,2.0
2012,2.0
2013,3.0
2014,1.0
2015,1.0
2016,3.0
2017,4.0
2018,4.0
2019,6.0
2020,9.0
2021,3.0
2022,1.0
2023,1.0
2024,0.0
2025,0.0
2026,0.0
2027,0.0
2028,0.0
2029,0.0
2030,0.0
2031,0.0
2032,0.0
2033,0.0
2034,2.0
2035,2.0
2036,1.0
2037,1.0
2038,2.0
2039,0.0
2040,1.0
2041,2.0
2042,8.0
2043,4.0
2044,5.0
2045,3.0
2046,5.0
2047,1.0
2048,0.0
2049,0.0
2050,0.0
2051,0.0
2052,0.0
2053,0.0
2054,0.0
2055,0.0
2056,0.0
2057,0.0
2058,2.0
2059,4.0
2060,2.0
2061,2.0
2062,1.0
2063,2.0
2064,4.0
2065,5.0
2066,5.0
2067,5.0
2068,4.0
2069,2.0
2070,2.0
2071,1.0
2072,0.0
2073,0.0
2074,0.0
2075,0.0
2076,0.0
2077,0.0
2078,0.0
2079,0.0
2080,0.0
2081,0.0
2082,0.0
2083,2.0
2084,5.0
2085,2.0
2086,5.0
2087,3.0
2088,3.0
2089,3.0
2090,2.0
2091,4.0
2092,3.0
2093,2.0
2094,2.0
2095,0.0
2096,0.0
2097,0.0
2098,0.0
2099,0.0
2100,0.0
2101,0.0
2102,0.0
2103,0.0
2104,0.0
2105,0.0
2106,0.0
2107,0.0
2108,1.0
2109,5.0
2110,5.0
2111,4.0
2112,4.0
2113,5.0
2114,8.0
2115,5.0
2116,5.0
2117,2.0
2118,0.0
2119,0.0
2120,0.0
2121,0.0
2122,0.0
2123,0.0
2124,0.0
2125,0.0
2126,0.0
2127,0.0
2128,0.0
2129,0.0
2130,1.0
2131,3.0
2132,1.0
2133,1.0
2134,3.0
2135,1.0
2136,1.0
2137,3.0
2138,6.0
2139,6.0
2140,5.0
2141,2.0
2142,3.0
2143,0.0
2144,0.0
2145,0.0
2146,0.0
2147,0.0
2148,0.0
2149,0.0
2150,0.0
2151,0.0
2152,0.0
2153,0.0
2154,2.0
2155,1.0
2156,1.0
2157,0.0
2158,2.0
2159,0.0
2160,1.0
2161,2.0
2162,7.0
2163,6.0
2164,3.0
2165,4.0
2166,3.0
2167,1.0
2168,0.0
2169,0.0
2170,0.0
2171,0.0
2172,0.0
2173,0.0
2174,0.0
2175,0.0
2176,0.0
2177,0.0
2178,0.0
2179,2.0
2180,2.0
2181,2.0
2182,0.0
2183,1.0
2184,2.0
2185,5.0
2186,4.0
2187,7.0
2188,9.0
2189,2.0
2190,2.0
2191,1.0
2192,0.0
2193,0.0
2194,0.0
2195,0.0
2196,0.0
2197,0.0
2198,0.0
2199,0.0
2200,0.0
2201,0.0
2202,2.0
2203,2.0
2204,1.0
2205,1.0
2206,1.0
2207,0.0
2208,3.0
2209,2.0
2210,6.0
2211,6.0
2212,4.0
2213,4.0
2214,5.0
2215,1.0
2216,0.0
2217,0.0
2218,0.0
2219,0.0
2220,0.0
2221,0.0
2222,0.0
2223,0.0
2224,0.0
2225,1.0
2226,1.0
2227,5.0
2228,1.0
2229,2.0
2230,1.0
2231,2.0
2232,3.0
2233,4.0
2234,5.0
2235,7.0
2236,4.0
2237,1.0
2238,2.0
2239,1.0
2240,0.0
2241,0.0
2242,0.0
2243,0.0
2244,0.0
2245,0.0
2246,0.0
2247,0.0
2248,0.0
2249,0.0
2250,0.0
2251,2.0
2252,4.0
2253,1.0
2254,5.0
2255,3.0
2256,3.0
2257,3.0
2258,2.0
2259,4.0
2260,4.0
2261,1.0
2262,2.0
2263,0.0
2264,0.0
2265,0.0
2266,0.0
2267,0.0
2268,0.0
2269,0.0
2270,0.0
2271,0.0
2272,0.0
2273,0.0
2274,0.0
2275,0.0
2276,2.0
2277,5.0
2278,4.0
2279,4.0
2280,4.0
2281,5.0
2282,6.0
2283,5.0
2284,3.0
2285,2.0
2286,0.0
2287,0.0
2288,0.0
2289,0.0
2290,0.0
2291,0.0
2292,0.0
2293,0.0
2294,0.0
2295,0.0
2296,0.0
2297,0.0
2298,3.0
2299,2.0
2300,0.0
2301,1.0
2302,2.0
2303,1.0
2304,1.0
2305,3.0
2306,6.0
2307,5.0
2308,5.0
2309,2.0
2310,2.0
2311,0.0
2312,0.0
2313,0.0
2314,0.0
2315,0.0
2316,0.0
2317,0.0
2318,0.0
2319,0.0
2320,0.0
2321,0.0
2322,2.0
2323,1.0
2324,2.0
2325,0.0
2326,1.0
2327,0.0
2328,1.0
2329,3.0
2330,6.0
2331,6.0
2332,4.0
2333,4.0
2334,4.0
2335,1.0
2336,0.0
2337,0.0
2338,0.0
2339,0.0
2340,0.0
2341,0.0
2342,0.0
2343,0.0
2344,0.0
2345,0.0
2346,0.0
2347,2.0
2348,2.0
2349,2.0
2350,0.0
2351,2.0
2352,2.0
2353,3.0
2354,4.0
2355,6.0
2356,11.0
2357,2.0
2358,5.0
2359,1.0
2360,0.0
2361,0.0
2362,0.0
2363,0.0
2364,0.0
2365,0.0
2366,0.0
2367,0.0
2368,0.0
2369,0.0
2370,3.0
2371,2.0
2372,1.0
2373,1.0
2374,1.0
2375,0.0
2376,2.0
2377,3.0
2378,7.0
2379,4.0
2380,4.0
2381,4.0
2382,5.0
2383,0.0
2384,0.0
2385,0.0
2386,0.0
2387,0.0
2388,0.0
2389,0.0
2390,0.0
2391,0.0
2392,0.0
2393,0.0
2394,2.0
2395,4.0
2396,2.0
2397,2.0
2398,0.0
2399,2.0
2400,3.0
2401,4.0
2402,6.0
2403,6.0
2404,4.0
2405,1.0
2406,1.0
2407,1.0
2408,0.0
2409,0.0
2410,0.0
2411,0.0
2412,0.0
2413,0.0
2414,0.0
2415,0.0
2416,0.0
2417,0.0
2418,0.0
2419,2.0
2420,4.0
2421,2.0
2422,4.0
2423,5.0
2424,3.0
2425,3.0
2426,1.0
2427,3.0
2428,3.0
2429,1.0
2430,2.0
2431,0.0
2432,0.0
2433,0.0
2434,0.0
2435,0.0
2436,0.0
2437,0.0
2438,0.0
2439,0.0
2440,0.0
2441,0.0
2442,0.0
2443,0.0
2444,1.0
2445,5.0
2446,4.0
2447,4.0
2448,4.0
2449,6.0
2450,6.0
2451,4.0
2452,3.0
2453,2.0
2454,1.0
2455,0.0
2456,0.0
2457,0.0
2458,0.0
2459,0.0
2460,0.0
2461,0.0
2462,0.0
2463,0.0
2464,0.0
2465,0.0
2466,1.0
2467,2.0
2468,0.0
2469,1.0
2470,2.0
2471,1.0
2472,2.0
2473,3.0
2474,7.0
2475,5.0
2476,4.0
2477,3.0
2478,2.0
2479,0.0
2480,0.0
2481,0.0
2482,0.0
2483,0.0
2484,0.0
2485,0.0
2486,0.0
2487,0.0
2488,0.0
2489,0.0
2490,1.0
2491,2.0
2492,2.0
2493,0.0
2494,1.0
2495,1.0
2496,1.0
2497,1.0
2498,7.0
2499,5.0
2500,4.0
2501,4.0
2502,3.0
2503,2.0
2504,0.0
2505,0.0
2506,0.0
2507,0.0
2508,0.0
2509,0.0
2510,0.0
2511,0.0
2512,0.0
2513,0.0
2514,0.0
2515,2.0
2516,2.0
2517,2.0
2518,0.0
2519,2.0
2520,2.0
2521,3.0
2522,4.0
2523,7.0
2524,9.0
2525,3.0
2526,1.0
2527,1.0
2528,0.0
2529,0.0
2530,0.0
2531,0.0
2532,0.0
2533,0.0
2534,0.0
2535,0.0
2536,0.0
2537,0.0
2538,2.0
2539,3.0
2540,1.0
2541,1.0
2542,1.0
2543,0.0
2544,2.0
2545,2.0
2546,7.0
2547,6.0
2548,4.0
2549,3.0
2550,5.0
2551,0.0
2552,0.0
2553,0.0
2554,0.0
2555,0.0
2556,0.0
2557,0.0
2558,0.0
2559,0.0
2560,0.0
2561,0.0
2562,2.0
2563,5.0
2564,2.0
2565,2.0
2566,1.0
2567,3.0
2568,3.0
2569,3.0
2570,6.0
2571,6.0
2572,4.0
2573,2.0
2574,2.0
2575,1.0
2576,0.0
2577,0.0
2578,0.0
2579,0.0
2580,0.0
2581,0.0
2582,0.0
2583,0.0
2584,0.0
2585,0.0
2586,0.0
2587,2.0
2588,4.0
2589,2.0
2590,5.0
2591,3.0
2592,3.0
2593,4.0
2594,3.0
2595,3.0
2596,4.0
2597,2.0
2598,2.0
2599,0.0
2600,0.0
2601,0.0
2602,0.0
2603,0.0
2604,0.0
2605,0.0
2606,0.0
2607,0.0
2608,0.0
2609,0.0
2610,0.0
2611,0.0
2612,1.0
2613,5.0
2614,4.0
2615,4.0
2616,5.0
2617,5.0
2618,7.0
2619,4.0
2620,3.0
2621,2.0
2622,0.0
2623,0.0
2624,0.0
2625,0.0
2626,0.0
2627,0.0
2628,0.0
2629,0.0
2630,0.0
2631,0.0
2632,0.0
2633,0.0
2634,1.0
2635,3.0
2636,0.0
2637,2.0
2638,3.0
2639,1.0
2640,1.0
2641,4.0
2642,6.0
2643,6.0
2644,3.0
2645,2.0
2646,2.0
2647,0.0
2648,0.0
2649,0.0
2650,0.0
2651,0.0
2652,0.0
2653,0.0
2654,0.0
2655,0.0
2656,0.0
2657,0.0
2658,1.0
2659,1.0
2660,1.0
2661,1.0
2662,1.0
2663,1.0
2664,1.0
2665,1.0
2666,6.0
2667,5.0
2668,4.0
2669,4.0
2670,3.0
2671,1.0
2672,0.0
2673,0.0
2674,0.0
2675,0.0
2676,0.0
2677,0.0
2678,0.0
2679,0.0
2680,0.0
2681,0.0
2682,0.0
2683,3.0
2684,2.0
2685,2.0
2686,0.0
2687,1.0
2688,2.0
2689,3.0
2690,5.0
2691,6.0
2692,9.0
2693,2.0
2694,1.0
2695,1.0
2696,0.0
2697,0.0
2698,0.0
2699,0.0
2700,0.0
2701,0.0
2702,0.0
2703,0.0
2704,0.0
2705,0.0
2706,2.0
2707,3.0
2708,1.0
2709,2.0
2710,2.0
2711,1.0
2712,2.0
2713,2.0
2714,7.0
2715,4.0
2716,4.0
2717,4.0
2718,5.0
2719,1.0
2720,0.0
2721,0.0
2722,0.0
2723,0.0
2724,0.0
2725,0.0
2726,0.0
2727,0.0
2728,0.0
2729,0.0
2730,2.0
2731,5.0
2732,2.0
2733,3.0
2734,2.0
2735,2.0
2736,3.0
2737,4.0
2738,6.0
2739,6.0
2740,5.0
2741,2.0
2742,2.0
2743,1.0
2744,0.0
2745,0.0
2746,0.0
2747,0.0
2748,0.0
2749,0.0
2750,0.0
2751,0.0
2752,0.0
2753,0.0
2754,0.0
2755,2.0
2756,4.0
2757,1.0
2758,4.0
2759,4.0
2760,3.0
2761,4.0
2762,2.0
2763,4.0
2764,3.0
2765,1.0
2766,2.0
2767,0.0
2768,0.0
2769,0.0
2770,0.0
2771,0.0
2772,0.0
2773,0.0
2774,0.0
2775,0.0
2776,0.0
2777,0.0
2778,0.0
2779,0.0
2780,1.0
2781,5.0
2782,3.0
2783,4.0
2784,4.0
2785,5.0
2786,8.0
2787,4.0
2788,3.0
2789,2.0
2790,1.0
2791,0.0
2792,0.0
2793,0.0
2794,0.0
2795,0.0
2796,0.0
2797,0.0
2798,0.0
2799,0.0
2800,0.0
2801,0.0
2802,1.0
2803,2.0
2804,1.0
2805,2.0
2806,2.0
2807,1.0
2808,1.0
2809,3.0
2810,7.0
2811,7.0
2812,5.0
2813,2.0
2814,2.0
2815,0.0
2816,0.0
2817,0.0
2818,0.0
2819,0.0
2820,0.0
2821,0.0
2822,0.0
2823,0.0
2824,0.0
2825,0.0
2826,2.0
2827,1.0
2828,1.0
2829,0.0
2830,1.0
2831,1.0
2832,1.0
2833,2.0
2834,6.0
2835,5.0
2836,4.0
2837,4.0
2838,2.0
2839,1.0
2840,0.0
2841,0.0
2842,0.0
2843,0.0
2844,0.0
2845,0.0
2846,0.0
2847,0.0
2848,0.0
2849,0.0
2850,0.0
2851,3.0
2852,2.0
2853,3.0
2854,0.0
2855,1.0
2856,2.0
2857,4.0
2858,4.0
2859,8.0
2860,9.0
2861,2.0
2862,0.0
2863,0.0
2864,0.0
2865,1.0
2866,0.0
2867,0.0
2868,0.0
2869,0.0
2870,0.0
2871,0.0
2872,0.0
2873,0.0
2874,2.0
2875,4.0
2876,1.0
2877,1.0
2878,1.0
2879,0.0
2880,2.0
2881,2.0
2882,7.0
2883,4.0
2884,4.0
2885,4.0
2886,4.0
2887,0.0
2888,0.0
2889,0.0
2890,0.0
2891,0.0
2892,0.0
2893,0.0
2894,0.0
2895,0.0
2896,0.0
2897,0.0
2898,2.0
2899,4.0
2900,2.0
2901,2.0
2902,1.0
2903,2.0
2904,3.0
2905,4.0
2906,5.0
2907,5.0
2908,5.0
2909,1.0
2910,1.0
2911,1.0
2912,0.0
2913,0.0
2914,0.0
2915,0.0
2916,0.0
2917,0.0
2918,0.0
2919,0.0
2920,0.0
2921,0.0
2922,0.0
2923,1.0
2924,4.0
2925,2.0
2926,5.0
2927,3.0
2928,3.0
2929,4.0
2930,2.0
2931,4.0
2932,3.0
2933,1.0
2934,1.0
2935,0.0
2936,0.0
2937,0.0
2938,0.0
2939,0.0
2940,0.0
2941,0.0
2942,0.0
2943,0.0
2944,0.0
2945,0.0
2946,0.0
2947,0.0
2948,1.0
2949,5.0
2950,6.0
2951,4.0
2952,4.0
2953,5.0
2954,7.0
2955,5.0
2956,4.0
2957,1.0
2958,1.0
2959,0.0
2960,0.0
2961,0.0
2962,0.0
2963,0.0
2964,0.0
2965,0.0
2966,0.0
2967,0.0
2968,0.0
2969,0.0
2970,1.0
2971,3.0
2972,0.0
2973,1.0
2974,2.0
2975,1.0
2976,1.0
2977,2.0
2978,6.0
2979,4.0
2980,4.0
2981,2.0
2982,2.0
2983,1.0
2984,0.0
2985,0.0
2986,0.0
2987,0.0
2988,0.0
2989,0.0
2990,0.0
2991,0.0
2992,0.0
2993,0.0
2994,2.0
2995,1.0
2996,2.0
2997,0.0
2998,2.0
2999,0.0
3000,1.0
3001,2.0
3002,6.0
3003,6.0
3004,4.0
3005,4.0
3006,3.0
3007,1.0
3008,0.0
3009,0.0
3010,0.0
3011,0.0
3012,0.0
3013,0.0
3014,0.0
3015,0.0
3016,0.0
3017,0.0
3018,0.0
3019,2.0
3020,2.0
3021,2.0
3022,0.0
3023,2.0
3024,2.0
3025,3.0
3026,4.0
3027,6.0
3028,9.0
3029,3.0
3030,0.0
3031,0.0
3032,0.0
3033,0.0
3034,0.0
3035,0.0
3036,0.0
3037,0.0
3038,0.0
3039,0.0
3040,0.0
3041,0.0
3042,2.0
3043,3.0
3044,1.0
3045,1.0
3046,2.0
3047,0.0
3048,2.0
3049,3.0
3050,7.0
3051,5.0
3052,4.0
3053,3.0
3054,5.0
3055,0.0
3056,0.0
3057,0.0
3058,0.0
3059,0.0
3060,0.0
3061,0.0
3062,0.0
3063,0.0
3064,0.0
3065,0.0
3066,2.0
3067,4.0
3068,1.0
3069,2.0
3070,1.0
3071,3.0
3072,3.0
3073,5.0
3074,5.0
3075,5.0
3076,5.0
3077,1.0
3078,1.0
3079,0.0
3080,0.0
3081,0.0
3082,0.0
3083,0.0
3084,0.0
3085,0.0
3086,0.0
3087,0.0
3088,0.0
3089,0.0
3090,2.0
3091,1.0
3092,4.0
3093,1.0
3094,4.0
3095,3.0
3096,3.0
3097,3.0
3098,2.0
3099,3.0
3100,5.0
3101,1.0
3102,2.0
3103,0.0
3104,0.0
3105,0.0
3106,0.0
3107,0.0
3108,0.0
3109,0.0
3110,0.0
3111,0.0
3112,0.0
3113,1.0
3114,0.0
3115,0.0
3116,1.0
3117,5.0
3118,3.0
3119,3.0
3120,4.0
3121,5.0
3122,7.0
3123,4.0
3124,3.0
3125,2.0
3126,1.0
3127,0.0
3128,0.0
3129,0.0
3130,0.0
3131,0.0
3132,0.0
3133,0.0
3134,0.0
3135,0.0
3136,0.0
3137,2.0
3138,1.0
3139,2.0
3140,0.0
3141,1.0
3142,2.0
3143,1.0
3144,1.0
3145,3.0
3146,6.0
3147,5.0
3148,4.0
3149,2.0
3150,2.0
3151,0.0
3152,0.0
3153,0.0
3154,0.0
3155,0.0
3156,0.0
3157,0.0
3158,0.0
3159,0.0
3160,0.0
3161,0.0
3162,3.0
3163,0.0
3164,0.0
3165,1.0
3166,1.0
3167,0.0
3168,1.0
3169,2.0
3170,6.0
3171,6.0
3172,3.0
3173,4.0
3174,3.0
3175,1.0
3176,0.0
3177,0.0
3178,0.0
3179,0.0
3180,0.0
3181,0.0
3182,0.0
3183,0.0
3184,0.0
3185,0.0
3186,3.0
3187,2.0
3188,1.0
3189,2.0
3190,0.0
3191,2.0
3192,2.0
3193,3.0
3194,4.0
3195,6.0
3196,9.0
3197,2.0
3198,1.0
3199,1.0
3200,0.0
3201,0.0
3202,0.0
3203,0.0
3204,0.0
3205,0.0
3206,0.0
3207,0.0
3208,0.0
3209,1.0
3210,3.0
3211,3.0
3212,2.0
3213,1.0
3214,2.0
3215,0.0
3216,2.0
3217,3.0
3218,7.0
3219,5.0
3220,4.0
3221,4.0
3222,5.0
3223,1.0
3224,0.0
3225,0.0
3226,0.0
3227,0.0
3228,0.0
3229,0.0
3230,0.0
3231,0.0
3232,0.0
3233,1.0
3234,3.0
3235,5.0
3236,1.0
3237,2.0
3238,1.0
3239,3.0
3240,3.0
3241,4.0
3242,5.0
3243,6.0
3244,5.0
3245,2.0
3246,2.0
3247,1.0
3248,0.0
3249,0.0
3250,0.0
3251,0.0
3252,0.0
3253,0.0
3254,0.0
3255,0.0
3256,0.0
3257,0.0
3258,0.0
3259,1.0
3260,4.0
3261,1.0
3262,5.0
3263,3.0
3264,3.0
3265,4.0
3266,2.0
3267,4.0
3268,3.0
3269,1.0
3270,2.0
3271,0.0
3272,0.0
3273,0.0
3274,0.0
3275,0.0
3276,0.0
3277,0.0
3278,0.0
3279,0.0
3280,0.0
3281,0.0
3282,0.0
3283,0.0
3284,1.0
3285,4.0
3286,4.0
3287,3.0
3288,4.0
3289,6.0
3290,7.0
3291,4.0
3292,3.0
3293,2.0
3294,1.0
3295,0.0
3296,0.0
3297,0.0
3298,0.0
3299,0.0
3300,0.0
3301,0.0
3302,0.0
3303,0.0
3304,0.0
3305,0.0
3306,0.0
3307,2.0
3308,1.0
3309,1.0
3310,2.0
3311,1.0
3312,1.0
3313,3.0
3314,6.0
3315,5.0
3316,4.0
3317,2.0
3318,2.0
3319,0.0
3320,0.0
3321,0.0
3322,0.0
3323,0.0
3324,0.0
3325,0.0
3326,0.0
3327,0.0
3328,0.0
3329,0.0
3330,2.0
3331,0.0
3332,2.0
3333,0.0
3334,1.0
3335,1.0
3336,1.0
3337,2.0
3338,6.0
3339,6.0
3340,3.0
3341,4.0
3342,3.0
3343,1.0
3344,0.0
3345,0.0
3346,0.0
3347,0.0
3348,0.0
3349,0.0
3350,0.0
3351,0.0
3352,0.0
3353,0.0
3354,0.0
3355,2.0
3356,2.0
3357,1.0
3358,0.0
3359,1.0
3360,2.0
3361,3.0
3362,4.0
3363,7.0
3364,9.0
3365,2.0
3366,1.0
3367,1.0
3368,0.0
3369,0.0
3370,0.0
3371,0.0
3372,0.0
3373,0.0
3374,0.0
3375,0.0
3376,0.0
3377,0.0
3378,2.0
3379,3.0
3380,2.0
3381,1.0
3382,1.0
3383,1.0
3384,2.0
3385,3.0
3386,7.0
3387,4.0
3388,4.0
3389,3.0
3390,5.0
3391,1.0
3392,0.0
3393,0.0
3394,0.0
3395,0.0
3396,0.0
3397,0.0
3398,0.0
3399,0.0
3400,0.0
3401,0.0
3402,1.0
3403,4.0
3404,1.0
3405,2.0
3406,1.0
3407,3.0
3408,3.0
3409,4.0
3410,5.0
3411,6.0
3412,5.0
3413,2.0
3414,2.0
3415,1.0
3416,0.0
3417,0.0
3418,0.0
3419,0.0
3420,0.0
3421,0.0
3422,0.0
3423,0.0
3424,0.0
3425,0.0
3426,0.0
3427,1.0
3428,3.0
3429,1.0
3430,5.0
3431,3.0
3432,3.0
3433,4.0
3434,2.0
3435,4.0
3436,3.0
3437,2.0
3438,2.0
3439,0.0
3440,0.0
3441,0.0
3442,0.0
3443,0.0
3444,0.0
3445,0.0
3446,0.0
3447,0.0
3448,0.0
3449,0.0
3450,0.0
3451,0.0
3452,1.0
3453,5.0
3454,4.0
3455,3.0
3456,5.0
3457,5.0
3458,7.0
3459,4.0
3460,3.0
3461,2.0
3462,1.0
3463,0.0
3464,0.0
3465,1.0
3466,0.0
3467,0.0
3468,0.0
3469,0.0
3470,0.0
3471,0.0
3472,0.0
3473,0.0
3474,1.0
3475,2.0
3476,0.0
3477,1.0
3478,2.0
3479,1.0
3480,1.0
3481,3.0
3482,6.0
3483,5.0
3484,4.0
3485,3.0
3486,2.0
3487,0.0
3488,0.0
3489,0.0
3490,0.0
3491,0.0
3492,0.0
3493,0.0
3494,0.0
3495,0.0
3496,0.0
3497,0.0
3498,2.0
3499,1.0
3500,1.0
3501,1.0
3502,1.0
3503,0.0
3504,1.0
3505,2.0
3506,6.0
3507,7.0
3508,3.0
3509,3.0
3510,3.0
3511,2.0
3512,0.0
3513,0.0
3514,0.0
3515,0.0
3516,0.0
3517,0.0
3518,0.0
3519,0.0
3520,0.0
3521,0.0
3522,0.0
3523,2.0
3524,2.0
3525,2.0
3526,0.0
3527,2.0
3528,3.0
3529,4.0
3530,5.0
3531,6.0
3532,9.0
3533,2.0
3534,2.0
3535,1.0
3536,0.0
3537,0.0
3538,0.0
3539,0.0
3540,0.0
3541,0.0
3542,0.0
3543,0.0
3544,0.0
3545,0.0
3546,2.0
3547,2.0
3548,1.0
3549,1.0
3550,1.0
3551,0.0
3552,2.0
3553,3.0
3554,7.0
3555,4.0
3556,5.0
3557,4.0
3558,5.0
3559,1.0
3560,0.0
3561,0.0
3562,0.0
3563,0.0
3564,0.0
3565,0.0
3566,0.0
3567,0.0
3568,0.0
3569,0.0
3570,1.0
3571,4.0
3572,2.0
3573,2.0
3574,1.0
3575,3.0
3576,3.0
3577,4.0
3578,5.0
3579,6.0
3580,4.0
3581,3.0
3582,2.0
3583,1.0
3584,0.0
3585,0.0
3586,0.0
3587,0.0
3588,0.0
3589,0.0
3590,0.0
3591,0.0
3592,0.0
3593,0.0
3594,0.0
3595,1.0
3596,4.0
3597,1.0
3598,5.0
3599,3.0
3600,3.0
3601,4.0
3602,2.0
3603,4.0
3604,4.0
3605,1.0
3606,2.0
3607,0.0
3608,0.0
3609,0.0
3610,0.0
3611,0.0
3612,0.0
3613,0.0
3614,0.0
3615,0.0
3616,0.0
3617,0.0
3618,0.0
3619,0.0
3620,1.0
3621,5.0
3622,4.0
3623,3.0
3624,4.0
3625,6.0
3626,7.0
3627,4.0
3628,3.0
3629,2.0
3630,1.0
3631,0.0
3632,0.0
3633,0.0
3634,0.0
3635,0.0
3636,0.0
3637,0.0
3638,0.0
3639,0.0
3640,0.0
3641,0.0
3642,1.0
3643,2.0
3644,0.0
3645,1.0
3646,2.0
3647,1.0
3648,1.0
3649,4.0
3650,6.0
3651,5.0
3652,5.0
3653,2.0
3654,2.0
3655,0.0
3656,0.0
3657,0.0
3658,0.0
3659,0.0
3660,0.0
3661,0.0
3662,0.0
3663,0.0
3664,0.0
3665,0.0
3666,2.0
3667,1.0
3668,1.0
3669,1.0
3670,1.0
3671,0.0
3672,1.0
3673,2.0
3674,7.0
3675,6.0
3676,3.0
3677,4.0
3678,3.0
3679,1.0
3680,0.0
3681,0.0
3682,0.0
3683,0.0
3684,0.0
3685,0.0
3686,0.0
3687,0.0
3688,0.0
3689,0.0
3690,0.0
3691,2.0
3692,2.0
3693,2.0
3694,0.0
3695,1.0
3696,2.0
3697,5.0
3698,5.0
3699,6.0
3700,9.0
3701,2.0
3702,1.0
3703,1.0
3704,0.0
3705,0.0
3706,0.0
3707,0.0
3708,0.0
3709,0.0
3710,0.0
3711,0.0
3712,0.0
3713,0.0
3714,3.0
3715,2.0
3716,1.0
3717,1.0
3718,1.0
3719,0.0
3720,3.0
3721,3.0
3722,7.0
3723,4.0
3724,5.0
3725,4.0
3726,6.0
3727,1.0
3728,0.0
3729,0.0
3730,0.0
3731,0.0
3732,0.0
3733,0.0
3734,0.0
3735,0.0
3736,0.0
3737,0.0
3738,2.0
3739,4.0
3740,1.0
3741,2.0
3742,2.0
3743,2.0
3744,3.0
3745,5.0
3746,5.0
3747,7.0
3748,5.0
3749,1.0
3750,2.0
3751,0.0
3752,0.0
3753,0.0
3754,0.0
3755,0.0
3756,0.0
3757,0.0
3758,0.0
3759,0.0
3760,0.0
3761,0.0
3762,0.0
3763,1.0
3764,4.0
3765,1.0
3766,4.0
3767,3.0
3768,3.0
3769,3.0
3770,2.0
3771,4.0
3772,3.0
3773,2.0
3774,2.0
3775,0.0
3776,1.0
3777,0.0
3778,0.0
3779,0.0
3780,0.0
3781,0.0
3782,0.0
3783,0.0
3784,0.0
3785,0.0
3786,0.0
3787,0.0
3788,1.0
3789,5.0
3790,4.0
3791,4.0
3792,5.0
3793,5.0
3794,8.0
3795,4.0
3796,3.0
3797,2.0
3798,1.0
3799,0.0
3800,0.0
3801,0.0
3802,0.0
3803,0.0
3804,0.0
3805,0.0
3806,0.0
3807,0.0
3808,0.0
3809,0.0
3810,1.0
3811,2.0
3812,0.0
3813,2.0
3814,2.0
3815,1.0
3816,1.0
3817,3.0
3818,6.0
3819,5.0
3820,4.0
3821,2.0
3822,2.0
3823,0.0
3824,0.0
3825,0.0
3826,0.0
3827,0.0
3828,0.0
3829,0.0
3830,0.0
3831,0.0
3832,0.0
3833,0.0
3834,1.0
3835,1.0
3836,1.0
3837,0.0
3838,1.0
3839,0.0
3840,1.0
3841,2.0
3842,7.0
3843,6.0
3844,4.0
3845,4.0
3846,3.0
3847,1.0
3848,0.0
3849,0.0
3850,0.0
3851,0.0
3852,0.0
3853,0.0
3854,0.0
3855,0.0
3856,0.0
3857,0.0
3858,0.0
3859,2.0
3860,3.0
3861,1.0
3862,1.0
3863,1.0
3864,3.0
3865,3.0
3866,5.0
3867,7.0
3868,9.0
3869,2.0
3870,1.0
3871,1.0
3872,0.0
3873,0.0
3874,0.0
3875,0.0
3876,0.0
3877,0.0
3878,0.0
3879,0.0
3880,0.0
3881,0.0
3882,2.0
3883,2.0
3884,2.0
3885,1.0
3886,1.0
3887,0.0
3888,2.0
3889,3.0
3890,7.0
3891,5.0
3892,4.0
3893,4.0
3894,5.0
3895,1.0
3896,0.0
3897,0.0
3898,0.0
3899,0.0
3900,0.0
3901,0.0
3902,0.0
3903,0.0
3904,0.0
3905,0.0
3906,1.0
3907,4.0
3908,1.0
3909,3.0
3910,1.0
3911,3.0
3912,3.0
3913,4.0
3914,5.0
3915,6.0
3916,5.0
3917,2.0
3918,2.0
3919,1.0
3920,0.0
3921,0.0
3922,0.0
3923,0.0
3924,0.0
3925,0.0
3926,0.0
3927,0.0
3928,0.0
3929,0.0
3930,0.0
3931,1.0
3932,4.0
3933,1.0
3934,4.0
3935,3.0
3936,2.0
3937,3.0
3938,3.0
3939,4.0
3940,3.0
3941,1.0
3942,2.0
3943,0.0
3944,0.0
3945,0.0
3946,0.0
3947,0.0
3948,1.0
3949,0.0
3950,0.0
3951,0.0
3952,0.0
3953,0.0
3954,0.0
3955,0.0
3956,1.0
3957,5.0
3958,4.0
3959,3.0
3960,4.0
3961,5.0
3962,8.0
3963,5.0
3964,3.0
3965,2.0
3966,1.0
3967,0.0
3968,0.0
3969,0.0
3970,0.0
3971,0.0
3972,0.0
3973,0.0
3974,0.0
3975,0.0
3976,0.0
3977,0.0
3978,1.0
3979,4.0
3980,1.0
3981,2.0
3982,2.0
3983,1.0
3984,1.0
3985,3.0
3986,6.0
3987,5.0
3988,4.0
3989,2.0
3990,2.0
3991,0.0
3992,0.0
3993,0.0
3994,0.0
3995,0.0
3996,0.0
3997,0.0
3998,0.0
3999,0.0
4000,0.0
4001,0.0
4002,1.0
4003,2.0
4004,1.0
4005,1.0
4006,1.0
4007,0.0
4008,1.0
4009,2.0
4010,6.0
4011,6.0
4012,4.0
4013,4.0
4014,3.0
4015,2.0
4016,0.0
4017,0.0
4018,0.0
4019,0.0
4020,0.0
4021,0.0
4022,0.0
4023,0.0
4024,0.0
4025,0.0
4026,1.0
4027,1.0
4028,1.0
4029,2.0
4030,1.0
4031,2.0
4032,2.0
4033,3.0
4034,5.0
4035,7.0
4036,9.0
4037,3.0
4038,1.0
4039,1.0
4040,0.0
4041,0.0
4042,0.0
4043,0.0
4044,0.0
4045,0.0
4046,0.0
4047,0.0
4048,0.0
4049,0.0
4050,2.0
4051,2.0
4052,1.0
4053,1.0
4054,1.0
4055,0.0
4056,2.0
4057,3.0
4058,7.0
4059,5.0
4060,4.0
4061,3.0
4062,5.0
4063,1.0
4064,0.0
4065,0.0
4066,0.0
4067,0.0
4068,0.0
4069,0.0
4070,0.0
4071,0.0
4072,0.0
4073,0.0
4074,1.0
4075,4.0
4076,1.0
4077,2.0
4078,1.0
4079,3.0
4080,3.0
4081,5.0
4082,5.0
4083,6.0
4084,5.0
4085,2.0
4086,2.0
4087,1.0
4088,0.0
4089,0.0
4090,0.0
4091,0.0
4092,0.0
4093,0.0
4094,0.0
4095,0.0
4096,0.0
4097,0.0
4098,0.0
4099,2.0
4100,4.0
4101,2.0
4102,4.0
4103,3.0
4104,3.0
4105,4.0
4106,2.0
4107,5.0
4108,4.0
4109,2.0
4110,2.0
4111,0.0
4112,0.0
4113,0.0
4114,0.0
4115,0.0
4116,0.0
4117,0.0
4118,0.0
4119,0.0
4120,0.0
4121,0.0
4122,0.0
4123,0.0
4124,1.0
4125,5.0
4126,4.0
4127,3.0
4128,4.0
4129,5.0
4130,8.0
4131,5.0
4132,3.0
4133,3.0
4134,0.0
4135,0.0
4136,0.0
4137,0.0
4138,0.0
4139,0.0
4140,0.0
4141,0.0
4142,0.0
4143,0.0
4144,0.0
4145,0.0
4146,1.0
4147,2.0
4148,0.0
4149,1.0
4150,3.0
4151,3.0
4152,1.0
4153,3.0
4154,6.0
4155,4.0
4156,5.0
4157,2.0
4158,2.0
4159,0.0
4160,0.0
4161,0.0
4162,0.0
4163,0.0
4164,0.0
4165,0.0
4166,0.0
4167,0.0
4168,0.0
4169,0.0
4170,1.0
4171,1.0
4172,1.0
4173,0.0
4174,1.0
4175,0.0
4176,1.0
4177,2.0
4178,6.0
4179,7.0
4180,3.0
4181,4.0
4182,3.0
4183,1.0
4184,0.0
4185,0.0
4186,0.0
4187,0.0
4188,0.0
4189,0.0
4190,0.0
4191,0.0
4192,0.0
4193,0.0
4194,0.0
4195,3.0
4196,2.0
4197,2.0
4198,1.0
4199,2.0
4200,2.0
4201,3.0
4202,4.0
4203,6.0
4204,9.0
4205,2.0
4206,1.0
4207,1.0
4208,0.0
4209,0.0
4210,0.0
4211,0.0
4212,0.0
4213,0.0
4214,0.0
4215,0.0
4216,0.0
4217,0.0
4218,4.0
4219,4.0
4220,1.0
4221,2.0
4222,2.0
4223,0.0
4224,2.0
4225,3.0
4226,8.0
4227,4.0
4228,5.0
4229,4.0
4230,5.0
4231,1.0
4232,0.0
4233,0.0
4234,0.0
4235,0.0
4236,0.0
4237,0.0
4238,0.0
4239,0.0
4240,0.0
4241,0.0
4242,2.0
4243,4.0
4244,1.0
4245,2.0
4246,1.0
4247,2.0
4248,3.0
4249,5.0
4250,6.0
4251,6.0
4252,4.0
4253,2.0
4254,2.0
4255,1.0
4256,0.0
4257,0.0
4258,0.0
4259,0.0
4260,0.0
4261,0.0
4262,0.0
4263,0.0
4264,0.0
4265,0.0
4266,0.0
4267,2.0
4268,4.0
4269,1.0
4270,5.0
4271,3.0
4272,3.0
4273,4.0
4274,3.0
4275,5.0
4276,4.0
4277,2.0
4278,2.0
4279,0.0
4280,0.0
4281,0.0
4282,0.0
4283,0.0
4284,0.0
4285,0.0
4286,0.0
4287,0.0
4288,0.0
4289,0.0
4290,0.0
4291,0.0
4292,1.0
4293,5.0
4294,4.0
4295,4.0
4296,5.0
4297,6.0
4298,7.0
4299,5.0
4300,3.0
4301,2.0
4302,1.0
4303,0.0
4304,0.0
4305,0.0
4306,0.0
4307,0.0
4308,0.0
4309,0.0
4310,0.0
4311,0.0
4312,0.0
4313,0.0
4314,1.0
4315,3.0
4316,0.0
4317,2.0
4318,3.0
4319,1.0
4320,2.0
4321,4.0
4322,7.0
4323,6.0
4324,4.0
4325,3.0
4326,2.0
4327,0.0
4328,0.0
4329,0.0
4330,0.0
4331,0.0
4332,0.0
4333,0.0
4334,0.0
4335,0.0
4336,0.0
4337,0.0
4338,2.0
4339,2.0
4340,2.0
4341,1.0
4342,2.0
4343,1.0
4344,1.0
4345,2.0
4346,8.0
4347,5.0
4348,4.0
4349,4.0
4350,4.0
4351,2.0
4352,0.0
4353,0.0
4354,0.0
4355,0.0
4356,0.0
4357,0.0
4358,0.0
4359,0.0
4360,0.0
4361,0.0
4362,0.0
4363,3.0
4364,2.0
4365,3.0
4366,0.0
4367,2.0
4368,3.0
4369,4.0
4370,4.0
4371,7.0
4372,9.0
4373,3.0
4374,1.0
4375,1.0
4376,0.0
4377,0.0
4378,0.0
4379,0.0
4380,0.0
4381,0.0
4382,0.0
4383,0.0
4384,0.0
4385,0.0
4386,3.0
4387,4.0
4388,1.0
4389,1.0
4390,1.0
4391,0.0
4392,3.0
4393,3.0
4394,7.0
4395,7.0
4396,5.0
4397,3.0
4398,5.0
4399,1.0
4400,0.0
4401,0.0
4402,0.0
4403,0.0
4404,0.0
4405,0.0
4406,0.0
4407,0.0
4408,0.0
4409,0.0
4410,2.0
4411,5.0
4412,3.0
4413,3.0
4414,1.0
4415,4.0
4416,3.0
4417,4.0
4418,6.0
4419,6.0
4420,4.0
4421,2.0
4422,2.0
4423,1.0
4424,0.0
4425,0.0
4426,0.0
4427,0.0
4428,0.0
4429,0.0
4430,0.0
4431,0.0
4432,0.0
4433,0.0
4434,0.0
4435,3.0
4436,4.0
4437,3.0
4438,5.0
4439,4.0
4440,3.0
4441,4.0
4442,3.0
4443,4.0
4444,4.0
4445,2.0
4446,2.0
4447,0.0
4448,0.0
4449,0.0
4450,0.0
4451,0.0
4452,0.0
4453,0.0
4454,0.0
4455,0.0
4456,0.0
4457,0.0
4458,0.0
4459,0.0
4460,2.0
4461,6.0
4462,4.0
4463,4.0
4464,5.0
4465,6.0
4466,8.0
4467,5.0
4468,4.0
4469,2.0
4470,1.0
4471,0.0
4472,0.0
4473,0.0
4474,0.0
4475,0.0
4476,0.0
4477,0.0
4478,0.0
4479,0.0
4480,0.0
4481,0.0
4482,1.0
4483,3.0
4484,0.0
4485,2.0
4486,4.0
4487,2.0
4488,2.0
4489,4.0
4490,7.0
4491,6.0
4492,5.0
4493,3.0
4494,3.0
4495,0.0
4496,0.0
4497,0.0
4498,0.0
4499,0.0
4500,0.0
4501,0.0
4502,0.0
4503,0.0
4504,0.0
4505,0.0
4506,3.0
4507,3.0
4508,1.0
4509,1.0
4510,1.0
4511,0.0
4512,3.0
4513,2.0
4514,7.0
4515,6.0
4516,4.0
4517,4.0
4518,3.0
4519,2.0
4520,0.0
4521,0.0
4522,0.0
4523,0.0
4524,0.0
4525,0.0
4526,0.0
4527,0.0
4528,0.0
4529,0.0
4530,0.0
4531,2.0
4532,2.0
4533,3.0
4534,1.0
4535,2.0
4536,2.0
4537,3.0
4538,5.0
4539,7.0
4540,10.0
4541,3.0
4542,1.0
4543,2.0
4544,0.0
4545,0.0
4546,0.0
4547,0.0
4548,0.0
4549,0.0
4550,0.0
4551,0.0
4552,0.0
4553,0.0
4554,3.0
4555,3.0
4556,1.0
4557,1.0
4558,2.0
4559,0.0
4560,3.0
4561,3.0
4562,8.0
4563,5.0
4564,5.0
4565,4.0
4566,5.0
4567,1.0
4568,0.0
4569,0.0
4570,0.0
4571,0.0
4572,0.0
4573,0.0
4574,0.0
4575,0.0
4576,0.0
4577,0.0
4578,3.0
4579,4.0
4580,1.0
4581,3.0
4582,2.0
4583,3.0
4584,5.0
4585,5.0
4586,6.0
4587,6.0
4588,5.0
4589,2.0
4590,2.0
4591,1.0
4592,0.0
4593,0.0
4594,0.0
4595,0.0
4596,0.0
4597,0.0
4598,0.0
4599,0.0
4600,0.0
4601,0.0
4602,0.0
4603,1.0
4604,4.0
4605,3.0
4606,6.0
4607,4.0
4608,3.0
4609,4.0
4610,2.0
4611,4.0
4612,3.0
4613,2.0
4614,2.0
4615,0.0
4616,0.0
4617,0.0
4618,0.0
4619,0.0
4620,0.0
4621,0.0
4622,0.0
4623,0.0
4624,0.0
4625,0.0
4626,0.0
4627,0.0
4628,2.0
4629,5.0
4630,4.0
4631,5.0
4632,5.0
4633,6.0
4634,7.0
4635,4.0
4636,3.0
4637,2.0
4638,1.0
4639,0.0
4640,0.0
4641,0.0
4642,0.0
4643,0.0
4644,0.0
4645,0.0
4646,0.0
4647,0.0
4648,0.0
4649,0.0
4650,1.0
4651,2.0
4652,1.0
4653,3.0
4654,2.0
4655,1.0
4656,1.0
4657,4.0
4658,7.0
4659,6.0
4660,4.0
4661,3.0
4662,2.0
4663,0.0
4664,0.0
4665,0.0
4666,0.0
4667,0.0
4668,0.0
4669,0.0
4670,0.0
4671,0.0
4672,0.0
4673,0.0
4674,2.0
4675,1.0
4676,3.0
4677,1.0
4678,3.0
4679,1.0
4680,2.0
4681,4.0
4682,7.0
4683,6.0
4684,4.0
4685,4.0
4686,3.0
4687,2.0
4688,0.0
4689,0.0
4690,0.0
4691,0.0
4692,0.0
4693,0.0
4694,0.0
4695,0.0
4696,0.0
4697,0.0
4698,1.0
4699,2.0
4700,2.0
4701,1.0
4702,1.0
4703,2.0
4704,3.0
4705,3.0
4706,5.0
4707,7.0
4708,9.0
4709,3.0
4710,1.0
4711,1.0
4712,0.0
4713,0.0
4714,0.0
4715,0.0
4716,0.0
4717,0.0
4718,0.0
4719,0.0
4720,0.0
4721,0.0
4722,2.0
4723,3.0
4724,1.0
4725,2.0
4726,1.0
4727,0.0
4728,2.0
4729,3.0
4730,8.0
4731,5.0
4732,5.0
4733,4.0
4734,5.0
4735,1.0
4736,0.0
4737,0.0
4738,0.0
4739,0.0
4740,0.0
4741,0.0
4742,0.0
4743,0.0
4744,0.0
4745,0.0
4746,1.0
4747,4.0
4748,1.0
4749,2.0
4750,1.0
4751,4.0
4752,4.0
4753,5.0
4754,6.0
4755,6.0
4756,5.0
4757,2.0
4758,2.0
4759,2.0
4760,0.0
4761,0.0
4762,0.0
4763,0.0
4764,0.0
4765,0.0
4766,0.0
4767,0.0
4768,0.0
4769,0.0
4770,0.0
4771,2.0
4772,3.0
4773,1.0
4774,5.0
4775,4.0
4776,3.0
4777,4.0
4778,3.0
4779,4.0
4780,3.0
4781,2.0
4782,2.0
4783,0.0
4784,0.0
4785,0.0
4786,0.0
4787,0.0
4788,0.0
4789,0.0
4790,0.0
4791,0.0
4792,0.0
4793,0.0
4794,0.0
4795,0.0
4796,1.0
4797,5.0
4798,4.0
4799,4.0
4800,5.0
4801,6.0
4802,7.0
4803,4.0
4804,3.0
4805,2.0
4806,1.0
4807,0.0
4808,0.0
4809,0.0
4810,0.0
4811,0.0
4812,0.0
4813,0.0
4814,0.0
4815,0.0
4816,0.0
4817,0.0
4818,1.0
4819,3.0
4820,0.0
4821,2.0
4822,3.0
4823,2.0
4824,1.0
4825,3.0
4826,7.0
4827,5.0
4828,4.0
4829,2.0
4830,2.0
4831,0.0
4832,0.0
4833,0.0
4834,0.0
4835,0.0
4836,0.0
4837,0.0
4838,0.0
4839,0.0
4840,0.0
4841,0.0
4842,2.0
4843,1.0
4844,1.0
4845,2.0
4846,1.0
4847,1.0
4848,2.0
4849,2.0
4850,6.0
4851,6.0
4852,4.0
4853,4.0
4854,3.0
4855,2.0
4856,0.0
4857,0.0
4858,0.0
4859,0.0
4860,0.0
4861,0.0
4862,0.0
4863,0.0
4864,0.0
4865,0.0
4866,1.0
4867,2.0
4868,2.0
4869,2.0
4870,1.0
4871,2.0
4872,3.0
4873,4.0
4874,4.0
4875,7.0
4876,9.0
4877,2.0
4878,0.0
4879,1.0
4880,0.0
4881,0.0
4882,0.0
4883,0.0
4884,0.0
4885,0.0
4886,0.0
4887,0.0
4888,0.0
4889,0.0
4890,2.0
4891,2.0
4892,1.0
4893,1.0
4894,1.0
4895,0.0
4896,2.0
4897,3.0
4898,7.0
4899,5.0
4900,4.0
4901,3.0
4902,5.0
4903,0.0
4904,0.0
4905,0.0
4906,0.0
4907,0.0
4908,0.0
4909,0.0
4910,0.0
4911,0.0
4912,0.0
4913,1.0
4914,1.0
4915,4.0
4916,1.0
4917,3.0
4918,1.0
4919,3.0
4920,3.0
4921,4.0
4922,5.0
4923,6.0
4924,5.0
4925,1.0
4926,2.0
4927,2.0
4928,2.0
4929,0.0
4930,0.0
4931,0.0
4932,0.0
4933,0.0
4934,0.0
4935,0.0
4936,0.0
4937,0.0
4938,0.0
4939,1.0
4940,4.0
4941,1.0
4942,4.0
4943,3.0
4944,3.0
4945,4.0
4946,2.0
4947,4.0
4948,3.0
4949,2.0
4950,3.0
4951,0.0
4952,0.0
4953,0.0
4954,1.0
4955,0.0
4956,0.0
4957,0.0
4958,0.0
4959,0.0
4960,0.0
4961,0.0
4962,0.0
4963,0.0
4964,1.0
4965,5.0
4966,5.0
4967,4.0
4968,5.0
4969,5.0
4970,7.0
4971,4.0
4972,3.0
4973,2.0
4974,0.0
4975,0.0
4976,0.0
4977,0.0
4978,0.0
4979,0.0
4980,0.0
4981,0.0
4982,0.0
4983,0.0
4984,0.0
4985,0.0
4986,2.0
4987,2.0
4988,0.0
4989,1.0
4990,3.0
4991,1.0
4992,1.0
4993,3.0
4994,6.0
4995,5.0
4996,4.0
4997,2.0
4998,2.0
4999,0.0
5000,0.0
5001,0.0
5002,0.0
5003,0.0
5004,0.0
5005,0.0
5006,0.0
5007,0.0
5008,0.0
5009,0.0
5010,1.0
5011,1.0
5012,2.0
5013,1.0
5014,1.0
5015,1.0
5016,1.0
5017,2.0
5018,7.0
5019,6.0
5020,4.0
5021,4.0
5022,3.0
5023,2.0
5024,0.0
5025,0.0
5026,0.0
5027,0.0
5028,0.0
5029,0.0
5030,0.0
5031,0.0
5032,0.0
5033,0.0
5034,0.0
5035,2.0
5036,2.0
5037,2.0
5038,0.0
5039,2.0
5040,3.0
5041,3.0
5042,4.0
5043,7.0
5044,9.0
5045,2.0
5046,1.0
5047,2.0
5048,0.0
5049,0.0
5050,0.0
5051,0.0
5052,0.0
5053,0.0
5054,0.0
5055,0.0
5056,0.0
5057,0.0
5058,2.0
5059,3.0
5060,1.0
5061,1.0
5062,1.0
5063,0.0
5064,2.0
5065,3.0
5066,7.0
5067,5.0
5068,4.0
5069,3.0
5070,6.0
5071,1.0
5072,0.0
5073,0.0
5074,0.0
5075,0.0
5076,0.0
5077,0.0
5078,0.0
5079,0.0
5080,0.0
5081,0.0
5082,3.0
5083,4.0
5084,2.0
5085,2.0
5086,1.0
5087,3.0
5088,3.0
5089,5.0
5090,6.0
5091,6.0
5092,5.0
5093,1.0
5094,2.0
5095,0.0
5096,0.0
5097,0.0
5098,0.0
5099,0.0
5100,0.0
5101,0.0
5102,0.0
5103,0.0
5104,0.0
5105,0.0
5106,1.0
5107,1.0
5108,4.0
5109,2.0
5110,5.0
5111,4.0
5112,3.0
5113,4.0
5114,2.0
5115,4.0
5116,3.0
5117,1.0
5118,2.0
5119,0.0
5120,0.0
5121,0.0
5122,0.0
5123,0.0
5124,0.0
5125,0.0
5126,0.0
5127,0.0
5128,0.0
5129,0.0
5130,0.0
5131,0.0
5132,2.0
5133,5.0
5134,4.0
5135,4.0
5136,5.0
5137,6.0
5138,8.0
5139,5.0
5140,3.0
5141,2.0
5142,1.0
5143,0.0
5144,0.0
5145,0.0
5146,0.0
5147,0.0
5148,0.0
5149,0.0
5150,0.0
5151,0.0
5152,0.0
5153,0.0
5154,1.0
5155,2.0
5156,0.0
5157,2.0
5158,3.0
5159,1.0
5160,2.0
5161,3.0
5162,7.0
5163,5.0
5164,4.0
5165,3.0
5166,3.0
5167,0.0
5168,1.0
5169,0.0
5170,0.0
5171,0.0
5172,0.0
5173,0.0
5174,0.0
5175,0.0
5176,0.0
5177,0.0
5178,2.0
5179,1.0
5180,2.0
5181,1.0
5182,1.0
5183,1.0
5184,2.0
5185,3.0
5186,7.0
5187,6.0
5188,4.0
5189,5.0
5190,4.0
5191,1.0
5192,0.0
5193,0.0
5194,0.0
5195,0.0
5196,0.0
5197,0.0
5198,0.0
5199,0.0
5200,0.0
5201,0.0
5202,1.0
5203,2.0
5204,3.0
5205,3.0
5206,1.0
5207,2.0
5208,3.0
5209,4.0
5210,5.0
5211,7.0
5212,10.0
5213,3.0
5214,1.0
5215,1.0
5216,0.0
5217,0.0
5218,0.0
5219,0.0
5220,0.0
5221,0.0
5222,0.0
5223,0.0
5224,0.0
5225,0.0
5226,3.0
5227,3.0
5228,1.0
5229,2.0
5230,2.0
5231,1.0
5232,3.0
5233,3.0
5234,7.0
5235,5.0
5236,5.0
5237,4.0
5238,5.0
5239,1.0
5240,0.0
5241,0.0
5242,0.0
5243,0.0
5244,0.0
5245,0.0
5246,0.0
5247,0.0
5248,0.0
5249,0.0
5250,2.0
5251,4.0
5252,2.0
5253,2.0
5254,1.0
5255,3.0
5256,4.0
5257,5.0
5258,6.0
5259,6.0
5260,5.0
5261,2.0
5262,2.0
5263,1.0
5264,0.0
5265,0.0
5266,0.0
5267,0.0
5268,0.0
5269,0.0
5270,0.0
5271,0.0
5272,0.0
5273,0.0
5274,0.0
5275,1.0
5276,4.0
5277,2.0
5278,5.0
5279,4.0
5280,3.0
5281,4.0
5282,3.0
5283,4.0
5284,4.0
5285,2.0
5286,2.0
5287,0.0
5288,0.0
5289,0.0
5290,0.0
5291,0.0
5292,0.0
5293,0.0
5294,0.0
5295,0.0
5296,0.0
5297,0.0
5298,0.0
5299,0.0
5300,2.0
5301,5.0
5302,4.0
5303,4.0
5304,5.0
5305,6.0
5306,8.0
5307,5.0
5308,4.0
5309,3.0
5310,2.0
5311,0.0
5312,0.0
5313,0.0
5314,0.0
5315,0.0
5316,0.0
5317,0.0
5318,0.0
5319,0.0
5320,0.0
5321,0.0
5322,0.0
5323,3.0
5324,0.0
5325,2.0
5326,3.0
5327,1.0
5328,2.0
5329,3.0
5330,7.0
5331,6.0
5332,4.0
5333,2.0
5334,2.0
5335,0.0
5336,0.0
5337,0.0
5338,0.0
5339,0.0
5340,0.0
5341,0.0
5342,0.0
5343,0.0
5344,0.0
5345,0.0
5346,2.0
5347,2.0
5348,2.0
5349,2.0
5350,2.0
5351,1.0
5352,1.0
5353,2.0
5354,7.0
5355,6.0
5356,4.0
5357,4.0
5358,3.0
5359,2.0
5360,0.0
5361,0.0
5362,0.0
5363,0.0
5364,0.0
5365,0.0
5366,0.0
5367,0.0
5368,0.0
5369,0.0
5370,1.0
5371,2.0
5372,2.0
5373,2.0
5374,1.0
5375,2.0
5376,3.0
5377,4.0
5378,5.0
5379,8.0
5380,10.0
5381,3.0
5382,1.0
5383,2.0
5384,0.0
5385,0.0
5386,0.0
5387,0.0
5388,0.0
5389,0.0
5390,0.0
5391,0.0
5392,0.0
5393,0.0
5394,2.0
5395,3.0
5396,1.0
5397,1.0
5398,2.0
5399,1.0
5400,2.0
5401,4.0
5402,7.0
5403,5.0
5404,5.0
5405,3.0
5406,6.0
5407,2.0
5408,1.0
5409,0.0
5410,0.0
5411,0.0
5412,0.0
5413,0.0
5414,0.0
5415,0.0
5416,0.0
5417,0.0
5418,2.0
5419,4.0
5420,1.0
5421,2.0
5422,1.0
5423,3.0
5424,4.0
5425,5.0
5426,6.0
5427,6.0
5428,5.0
5429,3.0
5430,2.0
5431,1.0
5432,0.0
5433,0.0
5434,0.0
5435,0.0
5436,0.0
5437,0.0
5438,0.0
5439,0.0
5440,0.0
5441,0.0
5442,0.0
5443,2.0
5444,4.0
5445,2.0
5446,5.0
5447,4.0
5448,3.0
5449,4.0
5450,3.0
5451,4.0
5452,4.0
5453,2.0
5454,2.0
5455,0.0
5456,0.0
5457,0.0
5458,0.0
5459,0.0
5460,0.0
5461,0.0
5462,0.0
5463,0.0
5464,0.0
5465,0.0
5466,0.0
5467,0.0
5468,1.0
5469,5.0
5470,4.0
5471,4.0
5472,5.0
5473,6.0
5474,7.0
5475,5.0
5476,3.0
5477,2.0
5478,0.0
5479,0.0
5480,0.0
5481,0.0
5482,0.0
5483,0.0
5484,0.0
5485,0.0
5486,0.0
5487,0.0
5488,0.0
5489,1.0
5490,1.0
5491,3.0
5492,1.0
5493,2.0
5494,2.0
5495,2.0
5496,1.0
5497,3.0
5498,6.0
5499,7.0
5500,4.0
5501,3.0
5502,2.0
5503,0.0
5504,0.0
5505,0.0
5506,0.0
5507,0.0
5508,0.0
5509,0.0
5510,0.0
5511,0.0
5512,0.0
5513,0.0
5514,2.0
5515,1.0
5516,2.0
5517,0.0
5518,3.0
5519,2.0
5520,2.0
5521,2.0
5522,7.0
5523,6.0
5524,3.0
5525,4.0
5526,3.0
5527,1.0
5528,0.0
5529,0.0
5530,0.0
5531,0.0
5532,0.0
5533,0.0
5534,0.0
5535,0.0
5536,0.0
5537,0.0
5538,1.0
5539,3.0
5540,2.0
5541,2.0
5542,0.0
5543,1.0
5544,2.0
5545,3.0
5546,4.0
5547,8.0
5548,10.0
5549,2.0
5550,1.0
5551,2.0
5552,0.0
5553,0.0
5554,0.0
5555,0.0
5556,0.0
5557,0.0
5558,0.0
5559,0.0
5560,0.0
5561,0.0
5562,3.0
5563,4.0
5564,3.0
5565,1.0
5566,1.0
5567,0.0
5568,2.0
5569,3.0
5570,7.0
5571,6.0
5572,4.0
5573,4.0
5574,5.0
5575,1.0
5576,0.0
5577,0.0
5578,0.0
5579,0.0
5580,0.0
5581,0.0
5582,0.0
5583,0.0
5584,0.0
5585,0.0
5586,2.0
5587,5.0
5588,2.0
5589,2.0
5590,1.0
5591,3.0
5592,3.0
5593,4.0
5594,5.0
5595,6.0
5596,6.0
5597,3.0
5598,3.0
5599,1.0
5600,0.0
5601,0.0
5602,0.0
5603,0.0
5604,0.0
5605,0.0
5606,0.0
5607,0.0
5608,0.0
5609,0.0
5610,1.0
5611,2.0
5612,4.0
5613,1.0
5614,5.0
5615,3.0
5616,3.0
5617,5.0
5618,4.0
5619,4.0
5620,3.0
5621,1.0
5622,2.0
5623,0.0
5624,0.0
5625,0.0
5626,0.0
5627,0.0
5628,0.0
5629,0.0
5630,0.0
5631,0.0
5632,0.0
5633,0.0
5634,0.0
5635,0.0
5636,2.0
5637,5.0
5638,4.0
5639,4.0
5640,5.0
5641,6.0
5642,8.0
5643,4.0
5644,4.0
5645,2.0
5646,1.0
5647,2.0
5648,0.0
5649,0.0
5650,0.0
5651,0.0
5652,0.0
5653,0.0
5654,0.0
5655,0.0
5656,0.0
5657,0.0
5658,1.0
5659,3.0
5660,2.0
5661,1.0
5662,3.0
5663,1.0
5664,2.0
5665,4.0
5666,7.0
5667,6.0
5668,4.0
5669,2.0
5670,3.0
5671,2.0
5672,0.0
5673,0.0
5674,0.0
5675,0.0
5676,0.0
5677,0.0
5678,0.0
5679,0.0
5680,0.0
5681,0.0
5682,2.0
5683,2.0
5684,2.0
5685,2.0
5686,1.0
5687,0.0
5688,1.0
5689,2.0
5690,7.0
5691,6.0
5692,4.0
5693,4.0
5694,4.0
5695,1.0
5696,0.0
5697,0.0
5698,0.0
5699,0.0
5700,0.0
5701,0.0
5702,0.0
5703,0.0
5704,0.0
5705,0.0
5706,1.0
5707,3.0
5708,2.0
5709,2.0
5710,0.0
5711,2.0
5712,3.0
5713,3.0
5714,4.0
5715,6.0
5716,9.0
5717,3.0
5718,1.0
5719,1.0
5720,0.0
5721,0.0
5722,0.0
5723,0.0
5724,0.0
5725,0.0
5726,0.0
5727,0.0
5728,0.0
5729,0.0
5730,3.0
5731,3.0
5732,1.0
5733,2.0
5734,1.0
5735,1.0
5736,3.0
5737,3.0
5738,7.0
5739,5.0
5740,4.0
5741,4.0
5742,6.0
5743,1.0
5744,0.0
5745,0.0
5746,0.0
5747,0.0
5748,0.0
5749,0.0
5750,0.0
5751,0.0
5752,0.0
5753,0.0
5754,2.0
5755,5.0
5756,2.0
5757,3.0
5758,1.0
5759,3.0
5760,3.0
5761,5.0
5762,6.0
5763,6.0
5764,4.0
5765,2.0
5766,2.0
5767,1.0
5768,0.0
5769,0.0
5770,0.0
5771,0.0
5772,0.0
5773,0.0
5774,0.0
5775,0.0
5776,0.0
5777,0.0
5778,0.0
5779,2.0
5780,4.0
5781,2.0
5782,5.0
5783,4.0
5784,3.0
5785,6.0
5786,2.0
5787,5.0
5788,3.0
5789,1.0
5790,2.0
5791,0.0
5792,0.0
5793,0.0
5794,0.0
5795,0.0
5796,0.0
5797,0.0
5798,0.0
5799,0.0
5800,0.0
5801,1.0
5802,0.0
5803,4.0
5804,2.0
5805,5.0
5806,5.0
5807,4.0
5808,5.0
5809,6.0
5810,7.0
5811,5.0
5812,4.0
5813,3.0
5814,2.0
5815,0.0
5816,0.0
5817,0.0
5818,0.0
5819,0.0
5820,0.0
5821,0.0
5822,0.0
5823,0.0
5824,0.0
5825,0.0
5826,1.0
5827,3.0
5828,0.0
5829,2.0
5830,3.0
5831,1.0
5832,2.0
5833,3.0
5834,7.0
5835,6.0
5836,5.0
5837,3.0
5838,2.0
5839,0.0
5840,0.0
5841,0.0
5842,0.0
5843,0.0
5844,0.0
5845,0.0
5846,0.0
5847,0.0
5848,0.0
5849,0.0
5850,2.0
5851,1.0
5852,2.0
5853,2.0
5854,2.0
5855,1.0
5856,2.0
5857,2.0
5858,7.0
5859,6.0
5860,4.0
5861,5.0
5862,3.0
5863,1.0
5864,0.0
5865,0.0
5866,0.0
5867,0.0
5868,0.0
5869,0.0
5870,0.0
5871,0.0
5872,0.0
5873,0.0
5874,0.0
5875,2.0
5876,3.0
5877,3.0
5878,1.0
5879,2.0
5880,3.0
5881,4.0
5882,5.0
5883,7.0
5884,9.0
5885,3.0
5886,2.0
5887,2.0
5888,0.0
5889,0.0
5890,0.0
5891,0.0
5892,0.0
5893,0.0
5894,0.0
5895,0.0
5896,0.0
5897,0.0
5898,3.0
5899,3.0
5900,2.0
5901,1.0
5902,2.0
5903,1.0
5904,3.0
5905,3.0
5906,7.0
5907,5.0
5908,5.0
5909,4.0
5910,5.0
5911,1.0
5912,0.0
5913,0.0
5914,0.0
5915,0.0
5916,0.0
5917,0.0
5918,0.0
5919,0.0
5920,0.0
5921,0.0
5922,3.0
5923,4.0
5924,1.0
5925,2.0
5926,2.0
5927,3.0
5928,4.0
5929,5.0
5930,6.0
5931,7.0
5932,5.0
5933,2.0
5934,3.0
5935,1.0
5936,0.0
5937,1.0
5938,0.0
5939,0.0
5940,0.0
5941,0.0
5942,0.0
5943,0.0
5944,0.0
5945,0.0
5946,0.0
5947,3.0
5948,4.0
5949,2.0
5950,5.0
5951,4.0
5952,4.0
5953,5.0
5954,3.0
5955,4.0
5956,4.0
5957,2.0
5958,2.0
5959,0.0
5960,0.0
5961,0.0
5962,0.0
5963,0.0
5964,0.0
5965,0.0
5966,0.0
5967,0.0
5968,0.0
5969,0.0
5970,0.0
5971,0.0
5972,1.0
5973,5.0
5974,5.0
5975,4.0
5976,5.0
5977,6.0
5978,8.0
5979,4.0
5980,4.0
5981,3.0
5982,1.0
5983,0.0
5984,0.0
5985,0.0
5986,0.0
5987,0.0
5988,0.0
5989,0.0
5990,0.0
5991,0.0
5992,0.0
5993,0.0
5994,1.0
5995,3.0
5996,1.0
5997,2.0
5998,3.0
5999,1.0
6000,1.0
6001,4.0
6002,7.0
6003,5.0
6004,4.0
6005,2.0
6006,3.0
6007,1.0
6008,1.0
6009,0.0
6010,0.0
6011,0.0
6012,0.0
6013,0.0
6014,0.0
6015,0.0
6016,0.0
6017,0.0
6018,2.0
6019,1.0
6020,2.0
6021,1.0
6022,2.0
6023,1.0
6024,1.0
6025,2.0
6026,7.0
6027,6.0
6028,4.0
6029,4.0
6030,3.0
6031,2.0
6032,0.0
6033,0.0
6034,0.0
6035,0.0
6036,0.0
6037,0.0
6038,0.0
6039,0.0
6040,0.0
6041,0.0
6042,0.0
6043,3.0
6044,2.0
6045,2.0
6046,1.0
6047,2.0
6048,3.0
6049,4.0
6050,5.0
6051,8.0
6052,10.0
6053,3.0
6054,1.0
6055,1.0
6056,0.0
6057,0.0
6058,0.0
6059,0.0
6060,0.0
6061,0.0
6062,0.0
6063,0.0
6064,0.0
6065,0.0
6066,3.0
6067,3.0
6068,1.0
6069,2.0
6070,2.0
6071,1.0
6072,2.0
6073,3.0
6074,8.0
6075,5.0
6076,5.0
6077,4.0
6078,5.0
6079,1.0
6080,0.0
6081,0.0
6082,0.0
6083,0.0
6084,0.0
6085,0.0
6086,0.0
6087,0.0
6088,0.0
6089,0.0
6090,2.0
6091,5.0
6092,1.0
6093,3.0
6094,1.0
6095,3.0
6096,4.0
6097,5.0
6098,6.0
6099,6.0
6100,5.0
6101,2.0
6102,2.0
6103,3.0
6104,0.0
6105,0.0
6106,0.0
6107,0.0
6108,0.0
6109,0.0
6110,0.0
6111,0.0
6112,0.0
6113,0.0
6114,1.0
6115,2.0
6116,4.0
6117,2.0
6118,5.0
6119,3.0
6120,3.0
6121,5.0
6122,3.0
6123,4.0
6124,4.0
6125,3.0
6126,3.0
6127,0.0
6128,0.0
6129,0.0
6130,0.0
6131,0.0
6132,0.0
6133,0.0
6134,0.0
6135,0.0
6136,0.0
6137,0.0
6138,0.0
6139,0.0
6140,2.0
6141,5.0
6142,4.0
6143,4.0
6144,5.0
6145,6.0
6146,9.0
6147,5.0
6148,4.0
6149,4.0
6150,1.0
6151,0.0
6152,1.0
6153,0.0
6154,0.0
6155,0.0
6156,0.0
6157,0.0
6158,0.0
6159,0.0
6160,0.0
6161,0.0
6162,1.0
6163,3.0
6164,1.0
6165,2.0
6166,3.0
6167,2.0
6168,1.0
6169,3.0
6170,7.0
6171,6.0
6172,4.0
6173,2.0
6174,2.0
6175,0.0
6176,0.0
6177,0.0
6178,0.0
6179,0.0
6180,0.0
6181,0.0
6182,0.0
6183,0.0
6184,0.0
6185,0.0
6186,3.0
6187,1.0
6188,2.0
6189,1.0
6190,2.0
6191,1.0
6192,1.0
6193,3.0
6194,7.0
6195,7.0
6196,4.0
6197,4.0
6198,3.0
6199,2.0
6200,0.0
6201,0.0
6202,0.0
6203,0.0
6204,0.0
6205,0.0
6206,0.0
6207,0.0
6208,0.0
6209,0.0
6210,1.0
6211,3.0
6212,3.0
6213,3.0
6214,1.0
6215,2.0
6216,3.0
6217,4.0
6218,5.0
6219,7.0
6220,10.0
6221,3.0
6222,1.0
6223,1.0
6224,0.0
6225,0.0
6226,0.0
6227,0.0
6228,0.0
6229,0.0
6230,0.0
6231,0.0
6232,0.0
6233,0.0
6234,3.0
6235,3.0
6236,2.0
6237,2.0
6238,2.0
6239,1.0
6240,2.0
6241,5.0
6242,8.0
6243,5.0
6244,4.0
6245,4.0
6246,5.0
6247,1.0
6248,1.0
6249,0.0
6250,0.0
6251,0.0
6252,0.0
6253,0.0
6254,0.0
6255,0.0
6256,0.0
6257,0.0
6258,2.0
6259,4.0
6260,2.0
6261,3.0
6262,2.0
6263,3.0
6264,4.0
6265,4.0
6266,5.0
6267,6.0
6268,4.0
6269,3.0
6270,3.0
6271,1.0
6272,0.0
6273,0.0
6274,0.0
6275,0.0
6276,0.0
6277,0.0
6278,0.0
6279,0.0
6280,0.0
6281,0.0
6282,1.0
6283,2.0
6284,4.0
6285,2.0
6286,5.0
6287,4.0
6288,3.0
6289,4.0
6290,2.0
6291,5.0
6292,3.0
6293,2.0
6294,2.0
6295,0.0
6296,0.0
6297,0.0
6298,1.0
6299,0.0
6300,0.0
6301,0.0
6302,0.0
6303,0.0
6304,0.0
6305,0.0
6306,0.0
6307,0.0
6308,2.0
6309,5.0
6310,4.0
6311,4.0
6312,5.0
6313,6.0
6314,9.0
6315,4.0
6316,4.0
6317,2.0
6318,0.0
6319,0.0
6320,0.0
6321,0.0
6322,0.0
6323,0.0
6324,0.0
6325,0.0
6326,0.0
6327,0.0
6328,0.0
6329,0.0
6330,1.0
6331,3.0
6332,1.0
6333,2.0
6334,3.0
6335,2.0
6336,1.0
6337,3.0
6338,8.0
6339,5.0
6340,4.0
6341,3.0
6342,3.0
6343,0.0
6344,0.0
6345,0.0
6346,0.0
6347,0.0
6348,0.0
6349,0.0
6350,0.0
6351,0.0
6352,0.0
6353,0.0
6354,2.0
6355,1.0
6356,1.0
6357,1.0
6358,2.0
6359,1.0
6360,1.0
6361,2.0
6362,6.0
6363,6.0
6364,3.0
6365,4.0
6366,3.0
6367,1.0
6368,0.0
6369,0.0
6370,0.0
6371,0.0
6372,0.0
6373,0.0
6374,0.0
6375,0.0
6376,0.0
6377,0.0
6378,1.0
6379,2.0
6380,3.0
6381,3.0
6382,1.0
6383,2.0
6384,2.0
6385,3.0
6386,5.0
6387,8.0
6388,10.0
6389,3.0
6390,1.0
6391,2.0
6392,0.0
6393,0.0
6394,0.0
6395,0.0
6396,0.0
6397,0.0
6398,0.0
6399,0.0
6400,0.0
6401,0.0
6402,3.0
6403,3.0
6404,2.0
6405,2.0
6406,2.0
6407,1.0
6408,3.0
6409,3.0
6410,7.0
6411,5.0
6412,5.0
6413,3.0
6414,5.0
6415,1.0
6416,0.0
6417,0.0
6418,0.0
6419,0.0
6420,0.0
6421,0.0
6422,0.0
6423,0.0
6424,0.0
6425,0.0
6426,2.0
6427,4.0
6428,2.0
6429,2.0
6430,1.0
6431,3.0
6432,3.0
6433,5.0
6434,5.0
6435,6.0
6436,5.0
6437,2.0
6438,2.0
6439,1.0
6440,0.0
6441,0.0
6442,0.0
6443,0.0
6444,0.0
6445,0.0
6446,0.0
6447,0.0
6448,0.0
6449,0.0
6450,0.0
6451,2.0
6452,4.0
6453,2.0
6454,5.0
6455,4.0
6456,3.0
6457,4.0
6458,2.0
6459,4.0
6460,3.0
6461,2.0
6462,2.0
6463,0.0
6464,0.0
6465,0.0
6466,0.0
6467,0.0
6468,0.0
6469,0.0
6470,0.0
6471,0.0
6472,0.0
6473,0.0
6474,0.0
6475,0.0
6476,2.0
6477,5.0
6478,5.0
6479,4.0
6480,5.0
6481,6.0
6482,7.0
6483,4.0
6484,3.0
6485,2.0
6486,0.0
6487,0.0
6488,0.0
6489,0.0
6490,0.0
6491,0.0
6492,0.0
6493,0.0
6494,0.0
6495,0.0
6496,0.0
6497,0.0
6498,1.0
6499,3.0
6500,0.0
6501,2.0
6502,2.0
6503,1.0
6504,1.0
6505,3.0
6506,7.0
6507,5.0
6508,5.0
6509,2.0
6510,2.0
6511,0.0
6512,0.0
6513,0.0
6514,0.0
6515,0.0
6516,0.0
6517,0.0
6518,0.0
6519,0.0
6520,0.0
6521,0.0
6522,2.0
6523,1.0
6524,2.0
6525,1.0
6526,1.0
6527,1.0
6528,3.0
6529,2.0
6530,7.0
6531,6.0
6532,4.0
6533,4.0
6534,3.0
6535,2.0
6536,0.0
6537,0.0
6538,0.0
6539,0.0
6540,0.0
6541,0.0
6542,0.0
6543,0.0
6544,0.0
6545,0.0
6546,1.0
6547,2.0
6548,2.0
6549,3.0
6550,0.0
6551,1.0
6552,2.0
6553,4.0
6554,4.0
6555,7.0
6556,9.0
6557,2.0
6558,1.0
6559,1.0
6560,0.0
6561,0.0
6562,0.0
6563,0.0
6564,0.0
6565,0.0
6566,0.0
6567,0.0
6568,0.0
6569,0.0
6570,3.0
6571,3.0
6572,1.0
6573,2.0
6574,2.0
6575,1.0
6576,2.0
6577,2.0
6578,7.0
6579,4.0
6580,4.0
6581,3.0
6582,6.0
6583,0.0
6584,0.0
6585,0.0
6586,0.0
6587,0.0
6588,0.0
6589,0.0
6590,0.0
6591,0.0
6592,0.0
6593,0.0
6594,2.0
6595,4.0
6596,2.0
6597,2.0
6598,1.0
6599,3.0
6600,4.0
6601,4.0
6602,6.0
6603,6.0
6604,5.0
6605,2.0
6606,1.0
6607,0.0
6608,0.0
6609,0.0
6610,0.0
6611,0.0
6612,0.0
6613,0.0
6614,0.0
6615,0.0
6616,0.0
6617,0.0
6618,0.0
6619,2.0
6620,5.0
6621,1.0
6622,4.0
6623,3.0
6624,3.0
6625,4.0
6626,3.0
6627,4.0
6628,4.0
6629,2.0
6630,2.0
6631,0.0
6632,0.0
6633,0.0
6634,0.0
6635,0.0
6636,0.0
6637,0.0
6638,0.0
6639,0.0
6640,0.0
6641,0.0
6642,0.0
6643,0.0
6644,2.0
6645,6.0
6646,4.0
6647,3.0
6648,4.0
6649,6.0
6650,8.0
6651,4.0
6652,3.0
6653,2.0
6654,0.0
6655,0.0
6656,0.0
6657,1.0
6658,0.0
6659,0.0
6660,0.0
6661,0.0
6662,0.0
6663,0.0
6664,0.0
6665,0.0
6666,1.0
6667,3.0
6668,0.0
6669,1.0
6670,2.0
6671,1.0
6672,2.0
6673,3.0
6674,6.0
6675,5.0
6676,5.0
6677,3.0
6678,2.0
6679,0.0
6680,1.0
6681,0.0
6682,0.0
6683,0.0
6684,0.0
6685,0.0
6686,0.0
6687,0.0
6688,0.0
6689,0.0
6690,2.0
6691,1.0
6692,2.0
6693,1.0
6694,1.0
6695,1.0
6696,2.0
6697,2.0
6698,6.0
6699,5.0
6700,4.0
6701,4.0
6702,3.0
6703,2.0
6704,0.0
6705,0.0
6706,0.0
6707,0.0
6708,0.0
6709,0.0
6710,0.0
6711,0.0
6712,0.0
6713,0.0
6714,1.0
6715,2.0
6716,2.0
6717,3.0
6718,0.0
6719,1.0
6720,2.0
6721,4.0
6722,4.0
6723,7.0
6724,9.0
6725,3.0
6726,2.0
6727,2.0
6728,0.0
6729,0.0
6730,0.0
6731,0.0
6732,0.0
6733,0.0
6734,0.0
6735,0.0
6736,0.0
6737,0.0
6738,3.0
6739,3.0
6740,2.0
6741,2.0
6742,2.0
6743,0.0
6744,2.0
6745,3.0
6746,6.0
6747,4.0
6748,6.0
6749,5.0
6750,5.0
6751,0.0
6752,0.0
6753,0.0
6754,0.0
6755,0.0
6756,0.0
6757,0.0
6758,0.0
6759,0.0
6760,0.0
6761,0.0
6762,2.0
6763,4.0
6764,2.0
6765,2.0
6766,1.0
6767,3.0
6768,4.0
6769,4.0
6770,5.0
6771,6.0
6772,4.0
6773,1.0
6774,2.0
6775,1.0
6776,0.0
6777,0.0
6778,0.0
6779,0.0
6780,0.0
6781,0.0
6782,0.0
6783,0.0
6784,0.0
6785,0.0
6786,0.0
6787,2.0
6788,5.0
6789,2.0
6790,5.0
6791,3.0
6792,3.0
6793,4.0
6794,3.0
6795,4.0
6796,4.0
6797,1.0
6798,1.0
6799,0.0
6800,0.0
6801,0.0
6802,0.0
6803,0.0
6804,0.0
6805,0.0
6806,0.0
6807,0.0
6808,0.0
6809,0.0
6810,0.0
6811,0.0
6812,2.0
6813,5.0
6814,4.0
6815,4.0
6816,5.0
6817,5.0
6818,8.0
6819,4.0
6820,4.0
6821,2.0
6822,1.0
6823,0.0
6824,0.0
6825,0.0
6826,0.0
6827,0.0
6828,0.0
6829,0.0
6830,0.0
6831,0.0
6832,0.0
6833,0.0
6834,1.0
6835,3.0
6836,1.0
6837,1.0
6838,3.0
6839,1.0
6840,2.0
6841,3.0
6842,7.0
6843,5.0
6844,4.0
6845,2.0
6846,2.0
6847,0.0
6848,0.0
6849,0.0
6850,0.0
6851,0.0
6852,0.0
6853,0.0
6854,0.0
6855,0.0
6856,0.0
6857,0.0
6858,2.0
6859,1.0
6860,1.0
6861,1.0
6862,1.0
6863,1.0
6864,2.0
6865,2.0
6866,7.0
6867,6.0
6868,4.0
6869,4.0
6870,3.0
6871,1.0
6872,0.0
6873,0.0
6874,0.0
6875,0.0
6876,0.0
6877,0.0
6878,0.0
6879,0.0
6880,0.0
6881,0.0
6882,0.0
6883,2.0
6884,2.0
6885,2.0
6886,1.0
6887,2.0
6888,3.0
6889,4.0
6890,5.0
6891,7.0
6892,10.0
6893,2.0
6894,1.0
6895,1.0
6896,1.0
6897,0.0
6898,0.0
6899,0.0
6900,0.0
6901,0.0
6902,0.0
6903,0.0
6904,0.0
6905,0.0
6906,2.0
6907,3.0
6908,2.0
6909,2.0
6910,2.0
6911,0.0
6912,2.0
6913,3.0
6914,8.0
6915,5.0
6916,5.0
6917,4.0
6918,5.0
6919,2.0
6920,2.0
6921,0.0
6922,0.0
6923,0.0
6924,0.0
6925,0.0
6926,0.0
6927,0.0
6928,0.0
6929,0.0
6930,2.0
6931,4.0
6932,2.0
6933,3.0
6934,1.0
6935,3.0
6936,4.0
6937,4.0
6938,6.0
6939,6.0
6940,5.0
6941,2.0
6942,2.0
6943,2.0
6944,0.0
6945,0.0
6946,0.0
6947,0.0
6948,0.0
6949,0.0
6950,0.0
6951,0.0
6952,0.0
6953,0.0
6954,0.0
6955,1.0
6956,4.0
6957,2.0
6958,5.0
6959,3.0
6960,3.0
6961,4.0
6962,3.0
6963,4.0
6964,4.0
6965,2.0
6966,2.0
6967,0.0
6968,1.0
6969,1.0
6970,0.0
6971,0.0
6972,0.0
6973,0.0
6974,0.0
6975,0.0
6976,0.0
6977,0.0
6978,0.0
6979,0.0
6980,2.0
6981,6.0
6982,4.0
6983,4.0
6984,5.0
6985,6.0
6986,8.0
6987,4.0
6988,3.0
6989,2.0
6990,1.0
6991,0.0
6992,0.0
6993,0.0
6994,0.0
6995,0.0
6996,0.0
6997,0.0
6998,0.0
6999,0.0
7000,0.0
7001,0.0
7002,1.0
7003,3.0
7004,2.0
7005,2.0
7006,2.0
7007,2.0
7008,1.0
7009,3.0
7010,7.0
7011,6.0
7012,4.0
7013,3.0
7014,2.0
7015,0.0
7016,0.0
7017,0.0
7018,0.0
7019,0.0
7020,0.0
7021,0.0
7022,0.0
7023,0.0
7024,0.0
7025,0.0
7026,3.0
7027,2.0
7028,2.0
7029,1.0
7030,2.0
7031,1.0
7032,1.0
7033,2.0
7034,7.0
7035,6.0
7036,4.0
7037,4.0
7038,3.0
7039,2.0
7040,0.0
7041,0.0
7042,0.0
7043,0.0
7044,0.0
7045,0.0
7046,0.0
7047,0.0
7048,0.0
7049,0.0
7050,1.0
7051,3.0
7052,2.0
7053,3.0
7054,2.0
7055,2.0
7056,3.0
7057,4.0
7058,4.0
7059,7.0
7060,9.0
7061,2.0
7062,1.0
7063,2.0
7064,0.0
7065,0.0
7066,0.0
7067,0.0
7068,0.0
7069,0.0
7070,0.0
7071,0.0
7072,0.0
7073,0.0
7074,3.0
7075,4.0
7076,2.0
7077,2.0
7078,1.0
7079,0.0
7080,3.0
7081,3.0
7082,8.0
7083,4.0
7084,5.0
7085,4.0
7086,5.0
7087,1.0
7088,1.0
7089,0.0
7090,0.0
7091,0.0
7092,0.0
7093,0.0
7094,0.0
7095,0.0
7096,0.0
7097,0.0
7098,2.0
7099,5.0
7100,2.0
7101,3.0
7102,2.0
7103,3.0
7104,4.0
7105,5.0
7106,5.0
7107,6.0
7108,5.0
7109,2.0
7110,2.0
7111,1.0
7112,0.0
7113,0.0
7114,0.0
7115,0.0
7116,0.0
7117,0.0
7118,0.0
7119,0.0
7120,0.0
7121,0.0
7122,0.0
7123,3.0
7124,5.0
7125,2.0
7126,4.0
7127,4.0
7128,4.0
7129,4.0
7130,2.0
7131,4.0
7132,4.0
7133,2.0
7134,2.0
7135,0.0
7136,1.0
7137,0.0
7138,0.0
7139,0.0
7140,0.0
7141,0.0
7142,0.0
7143,0.0
7144,0.0
7145,0.0
7146,0.0
7147,0.0
7148,2.0
7149,6.0
7150,4.0
7151,5.0
7152,5.0
7153,6.0
7154,8.0
7155,4.0
7156,4.0
7157,3.0
7158,1.0
7159,0.0
7160,0.0
7161,0.0
7162,0.0
7163,0.0
7164,0.0
7165,0.0
7166,0.0
7167,0.0
7168,0.0
7169,0.0
7170,1.0
7171,3.0
7172,1.0
7173,2.0
7174,3.0
7175,1.0
7176,2.0
7177,4.0
7178,7.0
7179,6.0
7180,5.0
7181,3.0
7182,2.0
7183,0.0
7184,0.0
7185,0.0
7186,0.0
7187,0.0
7188,0.0
7189,0.0
7190,0.0
7191,0.0
7192,0.0
7193,0.0
7194,2.0
7195,2.0
7196,2.0
7197,2.0
7198,2.0
7199,1.0
7200,1.0
7201,2.0
7202,6.0
7203,7.0
7204,4.0
7205,5.0
7206,3.0
7207,1.0
7208,0.0
7209,0.0
7210,0.0
7211,0.0
7212,0.0
7213,0.0
7214,0.0
7215,0.0
7216,0.0
7217,0.0
7218,1.0
7219,3.0
7220,3.0
7221,2.0
7222,1.0
7223,3.0
7224,2.0
7225,4.0
7226,4.0
7227,8.0
7228,9.0
7229,2.0
7230,1.0
7231,1.0
7232,0.0
7233,0.0
7234,0.0
7235,0.0
7236,0.0
7237,0.0
7238,0.0
7239,0.0
7240,0.0
7241,0.0
7242,3.0
7243,4.0
7244,2.0
7245,2.0
7246,2.0
7247,0.0
7248,2.0
7249,2.0
7250,7.0
7251,5.0
7252,5.0
7253,4.0
7254,6.0
7255,0.0
7256,0.0
7257,0.0
7258,0.0
7259,0.0
7260,0.0
7261,0.0
7262,0.0
7263,0.0
7264,0.0
7265,0.0
7266,2.0
7267,5.0
7268,2.0
7269,3.0
7270,2.0
7271,4.0
7272,4.0
7273,6.0
7274,5.0
7275,5.0
7276,5.0
7277,3.0
7278,2.0
7279,1.0
7280,0.0
7281,0.0
7282,0.0
7283,0.0
7284,0.0
7285,0.0
7286,0.0
7287,0.0
7288,0.0
7289,0.0
7290,0.0
7291,2.0
7292,4.0
7293,2.0
7294,5.0
7295,4.0
7296,3.0
7297,5.0
7298,3.0
7299,5.0
7300,3.0
7301,2.0
7302,2.0
7303,0.0
7304,1.0
7305,0.0
7306,0.0
7307,0.0
7308,0.0
7309,0.0
7310,0.0
7311,0.0
7312,0.0
7313,0.0
7314,0.0
7315,0.0
7316,2.0
7317,5.0
7318,4.0
7319,5.0
7320,5.0
7321,5.0
7322,7.0
7323,5.0
7324,4.0
7325,2.0
7326,0.0
7327,0.0
7328,0.0
7329,0.0
7330,0.0
7331,0.0
7332,0.0
7333,0.0
7334,0.0
7335,0.0
7336,0.0
7337,0.0
7338,1.0
7339,3.0
7340,1.0
7341,2.0
7342,3.0
7343,1.0
7344,2.0
7345,3.0
7346,6.0
7347,6.0
7348,4.0
7349,3.0
7350,3.0
7351,1.0
7352,0.0
7353,0.0
7354,0.0
7355,0.0
7356,0.0
7357,0.0
7358,0.0
7359,0.0
7360,0.0
7361,0.0
7362,2.0
7363,2.0
7364,2.0
7365,1.0
7366,2.0
7367,1.0
7368,2.0
7369,3.0
7370,6.0
7371,7.0
7372,4.0
7373,4.0
7374,3.0
7375,2.0
7376,0.0
7377,0.0
7378,0.0
7379,0.0
7380,0.0
7381,0.0
7382,0.0
7383,0.0
7384,0.0
7385,0.0
7386,1.0
7387,3.0
7388,3.0
7389,3.0
7390,1.0
7391,2.0
7392,2.0
7393,3.0
7394,5.0
7395,7.0
7396,10.0
7397,2.0
7398,1.0
7399,1.0
7400,0.0
7401,0.0
7402,0.0
7403,0.0
7404,0.0
7405,0.0
7406,0.0
7407,0.0
7408,0.0
7409,0.0
7410,3.0
7411,3.0
7412,2.0
7413,2.0
7414,2.0
7415,1.0
7416,2.0
7417,3.0
7418,7.0
7419,5.0
7420,5.0
7421,3.0
7422,6.0
7423,1.0
7424,1.0
7425,0.0
7426,0.0
7427,0.0
7428,0.0
7429,0.0
7430,0.0
7431,0.0
7432,0.0
7433,0.0
7434,2.0
7435,5.0
7436,2.0
7437,3.0
7438,2.0
7439,3.0
7440,4.0
7441,4.0
7442,7.0
7443,6.0
7444,5.0
7445,2.0
7446,2.0
7447,1.0
7448,0.0
7449,0.0
7450,0.0
7451,0.0
7452,0.0
7453,0.0
7454,0.0
7455,0.0
7456,0.0
7457,0.0
7458,0.0
7459,2.0
7460,4.0
7461,2.0
7462,5.0
7463,5.0
7464,4.0
7465,4.0
7466,3.0
7467,5.0
7468,4.0
7469,2.0
7470,2.0
7471,0.0
7472,0.0
7473,0.0
7474,0.0
7475,0.0
7476,0.0
7477,0.0
7478,0.0
7479,0.0
7480,0.0
7481,0.0
7482,0.0
7483,0.0
7484,2.0
7485,5.0
7486,4.0
7487,4.0
7488,5.0
7489,6.0
7490,7.0
7491,4.0
7492,3.0
7493,4.0
7494,2.0
7495,0.0
7496,0.0
7497,0.0
7498,0.0
7499,0.0
7500,0.0
7501,0.0
7502,0.0
7503,0.0
7504,0.0
7505,0.0
7506,2.0
7507,3.0
7508,0.0
7509,2.0
7510,3.0
7511,1.0
7512,2.0
7513,3.0
7514,6.0
7515,5.0
7516,4.0
7517,3.0
7518,3.0
7519,2.0
7520,0.0
7521,0.0
7522,0.0
7523,0.0
7524,0.0
7525,0.0
7526,0.0
7527,0.0
7528,0.0
7529,0.0
7530,2.0
7531,1.0
7532,2.0
7533,1.0
7534,1.0
7535,1.0
7536,2.0
7537,2.0
7538,7.0
7539,6.0
7540,3.0
7541,4.0
7542,3.0
7543,2.0
7544,0.0
7545,0.0
7546,0.0
7547,0.0
7548,0.0
7549,0.0
7550,0.0
7551,0.0
7552,0.0
7553,0.0
7554,1.0
7555,3.0
7556,2.0
7557,2.0
7558,0.0
7559,2.0
7560,3.0
7561,3.0
7562,4.0
7563,7.0
7564,9.0
7565,2.0
7566,1.0
7567,1.0
7568,0.0
7569,0.0
7570,0.0
7571,0.0
7572,0.0
7573,0.0
7574,0.0
7575,0.0
7576,0.0
7577,0.0
7578,3.0
7579,4.0
7580,2.0
7581,2.0
7582,2.0
7583,0.0
7584,2.0
7585,3.0
7586,7.0
7587,5.0
7588,5.0
7589,4.0
7590,6.0
7591,1.0
7592,0.0
7593,0.0
7594,0.0
7595,0.0
7596,0.0
7597,0.0
7598,0.0
7599,0.0
7600,0.0
7601,0.0
7602,3.0
7603,5.0
7604,1.0
7605,3.0
7606,1.0
7607,3.0
7608,4.0
7609,4.0
7610,5.0
7611,6.0
7612,5.0
7613,3.0
7614,2.0
7615,1.0
7616,0.0
7617,0.0
7618,0.0
7619,0.0
7620,1.0
7621,0.0
7622,0.0
7623,0.0
7624,0.0
7625,0.0
7626,0.0
7627,2.0
7628,4.0
7629,2.0
7630,5.0
7631,4.0
7632,3.0
7633,4.0
7634,2.0
7635,4.0
7636,3.0
7637,2.0
7638,2.0
7639,0.0
7640,0.0
7641,0.0
7642,0.0
7643,0.0
7644,0.0
7645,0.0
7646,0.0
7647,0.0
7648,0.0
7649,0.0
7650,0.0
7651,0.0
7652,2.0
7653,5.0
7654,4.0
7655,4.0
7656,4.0
7657,6.0
7658,7.0
7659,4.0
7660,3.0
7661,3.0
7662,1.0
7663,0.0
7664,0.0
7665,0.0
7666,0.0
7667,0.0
7668,0.0
7669,0.0
7670,0.0
7671,0.0
7672,0.0
7673,0.0
7674,1.0
7675,2.0
7676,0.0
7677,2.0
7678,2.0
7679,1.0
7680,1.0
7681,3.0
7682,7.0
7683,5.0
7684,4.0
7685,4.0
7686,2.0
7687,0.0
7688,0.0
7689,0.0
7690,0.0
7691,0.0
7692,0.0
7693,0.0
7694,0.0
7695,0.0
7696,0.0
7697,0.0
7698,2.0
7699,1.0
7700,2.0
7701,1.0
7702,1.0
7703,1.0
7704,2.0
7705,2.0
7706,7.0
7707,6.0
7708,4.0
7709,5.0
7710,5.0
7711,1.0
7712,0.0
7713,0.0
7714,0.0
7715,0.0
7716,0.0
7717,0.0
7718,0.0
7719,0.0
7720,0.0
7721,0.0
7722,0.0
7723,3.0
7724,2.0
7725,2.0
7726,0.0
7727,2.0
7728,2.0
7729,3.0
7730,4.0
7731,7.0
7732,9.0
7733,2.0
7734,1.0
7735,2.0
7736,0.0
7737,0.0
7738,0.0
7739,0.0
7740,0.0
7741,0.0
7742,0.0
7743,0.0
7744,0.0
7745,0.0
7746,2.0
7747,2.0
7748,2.0
7749,1.0
7750,2.0
7751,0.0
7752,3.0
7753,3.0
7754,7.0
7755,5.0
7756,4.0
7757,4.0
7758,5.0
7759,1.0
7760,0.0
7761,0.0
7762,0.0
7763,0.0
7764,0.0
7765,0.0
7766,0.0
7767,0.0
7768,0.0
7769,1.0
7770,2.0
7771,4.0
7772,2.0
7773,2.0
7774,1.0
7775,3.0
7776,3.0
7777,4.0
7778,5.0
7779,6.0
7780,5.0
7781,4.0
7782,3.0
7783,2.0
7784,0.0
7785,0.0
7786,0.0
7787,0.0
7788,0.0
7789,0.0
7790,0.0
7791,0.0
7792,0.0
7793,0.0
7794,0.0
7795,1.0
7796,4.0
7797,2.0
7798,5.0
7799,4.0
7800,3.0
7801,4.0
7802,3.0
7803,4.0
7804,3.0
7805,3.0
7806,3.0
7807,0.0
7808,0.0
7809,0.0
7810,0.0
7811,0.0
7812,0.0
7813,0.0
7814,0.0
7815,0.0
7816,0.0
7817,0.0
7818,0.0
7819,0.0
7820,1.0
7821,5.0
7822,4.0
7823,4.0
7824,4.0
7825,6.0
7826,7.0
7827,5.0
7828,4.0
7829,2.0
7830,1.0
7831,0.0
7832,0.0
7833,0.0
7834,0.0
7835,0.0
7836,0.0
7837,0.0
7838,0.0
7839,0.0
7840,0.0
7841,0.0
7842,1.0
7843,3.0
7844,1.0
7845,2.0
7846,3.0
7847,2.0
7848,1.0
7849,3.0
7850,6.0
7851,5.0
7852,4.0
7853,2.0
7854,2.0
7855,1.0
7856,0.0
7857,0.0
7858,0.0
7859,0.0
7860,0.0
7861,0.0
7862,0.0
7863,0.0
7864,0.0
7865,0.0
7866,3.0
7867,2.0
7868,2.0
7869,1.0
7870,1.0
7871,1.0
7872,1.0
7873,2.0
7874,7.0
7875,6.0
7876,4.0
7877,4.0
7878,3.0
7879,2.0
7880,0.0
7881,0.0
7882,0.0
7883,0.0
7884,0.0
7885,0.0
7886,0.0
7887,0.0
7888,0.0
7889,0.0
7890,1.0
7891,2.0
7892,3.0
7893,2.0
7894,0.0
7895,2.0
7896,3.0
7897,4.0
7898,5.0
7899,7.0
7900,9.0
7901,3.0
7902,1.0
7903,1.0
7904,0.0
7905,0.0
7906,0.0
7907,0.0
7908,0.0
7909,0.0
7910,0.0
7911,0.0
7912,0.0
7913,0.0
7914,2.0
7915,3.0
7916,2.0
7917,2.0
7918,1.0
7919,0.0
7920,2.0
7921,3.0
7922,7.0
7923,5.0
7924,5.0
7925,4.0
7926,5.0
7927,1.0
7928,0.0
7929,0.0
7930,0.0
7931,0.0
7932,0.0
7933,0.0
7934,0.0
7935,0.0
7936,0.0
7937,0.0
7938,3.0
7939,6.0
7940,1.0
7941,3.0
7942,1.0
7943,3.0
7944,3.0
7945,4.0
7946,5.0
7947,6.0
7948,5.0
7949,2.0
7950,3.0
7951,0.0
7952,0.0
7953,0.0
7954,0.0
7955,0.0
7956,0.0
7957,0.0
7958,0.0
7959,0.0
7960,0.0
7961,0.0
7962,1.0
7963,2.0
7964,4.0
7965,2.0
7966,5.0
7967,4.0
7968,3.0
7969,4.0
7970,2.0
7971,4.0
7972,4.0
7973,2.0
7974,2.0
7975,0.0
7976,0.0
7977,0.0
7978,0.0
7979,1.0
7980,0.0
7981,0.0
7982,0.0
7983,0.0
7984,0.0
7985,0.0
7986,2.0
7987,0.0
7988,1.0
7989,5.0
7990,5.0
7991,4.0
7992,4.0
7993,6.0
7994,8.0
7995,5.0
7996,3.0
7997,2.0
7998,1.0
7999,0.0
8000,0.0
8001,0.0
8002,0.0
8003,0.0
8004,0.0
8005,0.0
8006,0.0
8007,0.0
8008,0.0
8009,0.0
8010,2.0
8011,4.0
8012,1.0
8013,2.0
8014,3.0
8015,1.0
8016,1.0
8017,3.0
8018,7.0
8019,5.0
8020,4.0
8021,2.0
8022,2.0
8023,0.0
8024,1.0
8025,0.0
8026,0.0
8027,0.0
8028,0.0
8029,0.0
8030,0.0
8031,0.0
8032,0.0
8033,0.0
8034,3.0
8035,1.0
8036,2.0
8037,1.0
8038,1.0
8039,1.0
8040,1.0
8041,2.0
8042,6.0
8043,6.0
8044,4.0
8045,4.0
8046,3.0
8047,2.0
8048,0.0
8049,0.0
8050,0.0
8051,0.0
8052,0.0
8053,0.0
8054,0.0
8055,0.0
8056,0.0
8057,0.0
8058,1.0
8059,2.0
8060,2.0
8061,2.0
8062,1.0
8063,2.0
8064,3.0
8065,4.0
8066,4.0
8067,7.0
8068,9.0
8069,3.0
8070,1.0
8071,1.0
8072,0.0
8073,0.0
8074,0.0
8075,0.0
8076,0.0
8077,0.0
8078,0.0
8079,0.0
8080,0.0
8081,0.0
8082,2.0
8083,3.0
8084,2.0
8085,1.0
8086,2.0
8087,0.0
8088,2.0
8089,3.0
8090,7.0
8091,5.0
8092,5.0
8093,4.0
8094,5.0
8095,1.0
8096,0.0
8097,0.0
8098,0.0
8099,0.0
8100,0.0
8101,0.0
8102,0.0
8103,0.0
8104,0.0
8105,2.0
8106,3.0
8107,5.0
8108,1.0
8109,2.0
8110,1.0
8111,3.0
8112,4.0
8113,5.0
8114,6.0
8115,6.0
8116,5.0
8117,3.0
8118,2.0
8119,1.0
8120,0.0
8121,0.0
8122,0.0
8123,0.0
8124,0.0
8125,0.0
8126,0.0
8127,0.0
8128,0.0
8129,0.0
8130,0.0
8131,3.0
8132,4.0
8133,2.0
8134,5.0
8135,3.0
8136,3.0
8137,4.0
8138,2.0
8139,4.0
8140,3.0
8141,2.0
8142,2.0
8143,0.0
8144,0.0
8145,1.0
8146,0.0
8147,0.0
8148,0.0
8149,0.0
8150,0.0
8151,0.0
8152,0.0
8153,0.0
8154,0.0
8155,0.0
8156,2.0
8157,5.0
8158,4.0
8159,4.0
8160,4.0
8161,6.0
8162,8.0
8163,5.0
8164,4.0
8165,2.0
8166,1.0
8167,0.0
8168,0.0
8169,0.0
8170,0.0
8171,0.0
8172,0.0
8173,0.0
8174,0.0
8175,0.0
8176,0.0
8177,0.0
8178,1.0
8179,2.0
8180,1.0
8181,2.0
8182,2.0
8183,1.0
8184,1.0
8185,3.0
8186,7.0
8187,7.0
8188,4.0
8189,2.0
8190,3.0
8191,0.0
8192,0.0
8193,0.0
8194,0.0
8195,0.0
8196,0.0
8197,0.0
8198,0.0
8199,0.0
8200,0.0
8201,0.0
8202,2.0
8203,1.0
8204,3.0
8205,0.0
8206,2.0
8207,1.0
8208,2.0
8209,2.0
8210,7.0
8211,6.0
8212,4.0
8213,5.0
8214,3.0
8215,2.0
8216,0.0
8217,0.0
8218,0.0
8219,0.0
8220,0.0
8221,0.0
8222,0.0
8223,0.0
8224,0.0
8225,0.0
8226,1.0
8227,2.0
8228,2.0
8229,4.0
8230,2.0
8231,3.0
8232,3.0
8233,3.0
8234,4.0
8235,7.0
8236,10.0
8237,3.0
8238,1.0
8239,1.0
8240,0.0
8241,0.0
8242,0.0
8243,0.0
8244,0.0
8245,0.0
8246,0.0
8247,0.0
8248,0.0
8249,0.0
8250,4.0
8251,5.0
8252,1.0
8253,1.0
8254,1.0
8255,0.0
8256,2.0
8257,3.0
8258,7.0
8259,5.0
8260,5.0
8261,4.0
8262,5.0
8263,1.0
8264,0.0
8265,0.0
8266,0.0
8267,0.0
8268,0.0
8269,0.0
8270,0.0
8271,0.0
8272,0.0
8273,0.0
8274,2.0
8275,5.0
8276,1.0
8277,2.0
8278,1.0
8279,3.0
8280,5.0
8281,5.0
8282,5.0
8283,6.0
8284,6.0
8285,2.0
8286,2.0
8287,1.0
8288,0.0
8289,0.0
8290,0.0
8291,0.0
8292,0.0
8293,0.0
8294,0.0
8295,0.0
8296,0.0
8297,0.0
8298,1.0
8299,2.0
8300,4.0
8301,2.0
8302,4.0
8303,4.0
8304,5.0
8305,4.0
8306,3.0
8307,5.0
8308,3.0
8309,2.0
8310,2.0
8311,0.0
8312,0.0
8313,0.0
8314,0.0
8315,0.0
8316,0.0
8317,0.0
8318,0.0
8319,0.0
8320,0.0
8321,0.0
8322,0.0
8323,0.0
8324,1.0
8325,5.0
8326,4.0
8327,4.0
8328,5.0
8329,6.0
8330,7.0
8331,5.0
8332,3.0
8333,3.0
8334,1.0
8335,0.0
8336,0.0
8337,0.0
8338,0.0
8339,0.0
8340,0.0
8341,0.0
8342,0.0
8343,0.0
8344,0.0
8345,0.0
8346,1.0
8347,2.0
8348,0.0
8349,1.0
8350,3.0
8351,1.0
8352,1.0
8353,3.0
8354,7.0
8355,6.0
8356,4.0
8357,3.0
8358,2.0
8359,0.0
8360,0.0
8361,0.0
8362,0.0
8363,0.0
8364,0.0
8365,0.0
8366,0.0
8367,0.0
8368,0.0
8369,0.0
8370,2.0
8371,2.0
8372,2.0
8373,0.0
8374,1.0
8375,1.0
8376,2.0
8377,3.0
8378,6.0
8379,6.0
8380,4.0
8381,4.0
8382,4.0
8383,2.0
8384,0.0
8385,0.0
8386,0.0
8387,0.0
8388,0.0
8389,0.0
8390,0.0
8391,0.0
8392,0.0
8393,0.0
8394,0.0
8395,2.0
8396,2.0
8397,2.0
8398,1.0
8399,2.0
8400,3.0
8401,4.0
8402,5.0
8403,7.0
8404,10.0
8405,3.0
8406,1.0
8407,2.0
8408,0.0
8409,0.0
8410,0.0
8411,0.0
8412,0.0
8413,0.0
8414,0.0
8415,0.0
8416,0.0
8417,0.0
8418,4.0
8419,3.0
8420,2.0
8421,1.0
8422,1.0
8423,0.0
8424,3.0
8425,3.0
8426,8.0
8427,5.0
8428,5.0
8429,4.0
8430,6.0
8431,1.0
8432,1.0
8433,0.0
8434,0.0
8435,0.0
8436,0.0
8437,0.0
8438,0.0
8439,0.0
8440,0.0
8441,0.0
8442,2.0
8443,5.0
8444,2.0
8445,2.0
8446,2.0
8447,4.0
8448,3.0
8449,4.0
8450,6.0
8451,6.0
8452,5.0
8453,2.0
8454,2.0
8455,1.0
8456,0.0
8457,0.0
8458,0.0
8459,0.0
8460,0.0
8461,0.0
8462,0.0
8463,0.0
8464,0.0
8465,0.0
8466,0.0
8467,1.0
8468,3.0
8469,2.0
8470,5.0
8471,3.0
8472,4.0
8473,4.0
8474,3.0
8475,4.0
8476,4.0
8477,2.0
8478,2.0
8479,0.0
8480,0.0
8481,0.0
8482,0.0
8483,0.0
8484,0.0
8485,0.0
8486,0.0
8487,0.0
8488,0.0
8489,0.0
8490,0.0
8491,0.0
8492,2.0
8493,6.0
8494,5.0
8495,5.0
8496,5.0
8497,5.0
8498,8.0
8499,4.0
8500,3.0
8501,3.0
8502,2.0
8503,0.0
8504,0.0
8505,0.0
8506,0.0
8507,0.0
8508,0.0
8509,0.0
8510,0.0
8511,0.0
8512,0.0
8513,0.0
8514,2.0
8515,3.0
8516,1.0
8517,2.0
8518,3.0
8519,1.0
8520,2.0
8521,3.0
8522,7.0
8523,5.0
8524,4.0
8525,3.0
8526,2.0
8527,1.0
8528,0.0
8529,0.0
8530,0.0
8531,0.0
8532,0.0
8533,0.0
8534,0.0
8535,0.0
8536,0.0
8537,0.0
8538,2.0
8539,2.0
8540,1.0
8541,1.0
8542,2.0
8543,1.0
8544,1.0
8545,2.0
8546,7.0
8547,6.0
8548,4.0
8549,4.0
8550,4.0
8551,2.0
8552,0.0
8553,0.0
8554,0.0
8555,0.0
8556,0.0
8557,0.0
8558,0.0
8559,0.0
8560,0.0
8561,0.0
8562,1.0
8563,2.0
8564,3.0
8565,2.0
8566,0.0
8567,2.0
8568,2.0
8569,4.0
8570,5.0
8571,7.0
8572,11.0
8573,2.0
8574,1.0
8575,2.0
8576,0.0
8577,0.0
8578,0.0
8579,0.0
8580,0.0
8581,0.0
8582,0.0
8583,0.0
8584,0.0
8585,0.0
8586,3.0
8587,3.0
8588,2.0
8589,1.0
8590,2.0
8591,0.0
8592,2.0
8593,3.0
8594,8.0
8595,5.0
8596,4.0
8597,3.0
8598,5.0
8599,2.0
8600,0.0
8601,0.0
8602,0.0
8603,0.0
8604,0.0
8605,0.0
8606,0.0
8607,0.0
8608,0.0
8609,0.0
8610,2.0
8611,4.0
8612,2.0
8613,3.0
8614,2.0
8615,3.0
8616,4.0
8617,4.0
8618,5.0
8619,6.0
8620,5.0
8621,2.0
8622,2.0
8623,1.0
8624,0.0
8625,0.0
8626,0.0
8627,0.0
8628,0.0
8629,0.0
8630,0.0
8631,0.0
8632,0.0
8633,0.0
8634,0.0
8635,2.0
8636,4.0
8637,2.0
8638,5.0
8639,3.0
8640,4.0
8641,4.0
8642,3.0
8643,4.0
8644,4.0
8645,2.0
8646,2.0
8647,0.0
8648,0.0
8649,0.0
8650,0.0
8651,0.0
8652,0.0
8653,0.0
8654,0.0
8655,0.0
8656,0.0
8657,0.0
8658,0.0
8659,0.0
8660,2.0
8661,5.0
8662,4.0
8663,5.0
8664,6.0
8665,7.0
8666,8.0
8667,4.0
8668,3.0
8669,3.0
8670,1.0
8671,1.0
8672,0.0
8673,0.0
8674,0.0
8675,0.0
8676,0.0
8677,0.0
8678,0.0
8679,0.0
8680,0.0
8681,0.0
8682,1.0
8683,3.0
8684,0.0
8685,0.0
8686,0.0
8687,0.0
8688,0.0
8689,0.0
8690,0.0
8691,0.0
8692,0.0
8693,0.0
8694,0.0
8695,0.0
8696,0.0
8697,0.0
8698,0.0
8699,0.0
8700,0.0
8701,0.0
8702,0.0
8703,0.0
8704,0.0
8705,0.0
8706,0.0
8707,0.0
8708,0.0
8709,0.0
8710,0.0
8711,0.0
8712,0.0
8713,0.0
8714,0.0
8715,0.0
8716,0.0
8717,0.0
8718,0.0
8719,0.0
8720,0.0
8721,0.0
8722,0.0
8723,0.0
8724,0.0
8725,0.0
8726,0.0
8727,0.0
8728,0.0
8729,0.0
8730,0.0
8731,0.0
8732,0.0
8733,0.0
8734,0.0
8735,0.0
8736,0.0
8737,0.0
8738,0.0
8739,0.0
8740,0.0
8741,0.0
8742,0.0
8743,0.0
8744,0.0
8745,0.0
8746,0.0
8747,0.0
8748,0.0
8749,0.0
8750,0.0
8751,0.0
8752,0.0
8753,0.0
8754,0.0
8755,0.0
8756,0.0
8757,0.0
8758,0.0
8759,0.0
8760,0.0
8761,0.0
8762,0.0
8763,0.0
8764,0.0
8765,0.0
8766,0.0
8767,0.0
8768,0.0
